id,normalizacion,protocolo,pliegue,indice_pliegue,modelo,semilla,accuracy,balanced_accuracy,f1_macro,accuracy_espejado,accuracy_val,n_train,n_val,n_test,tiempo_entrenamiento_s,tiempo_prediccion_test_s,epocas,mejor_epoca,dispositivo
0,ninguna,lopo,p1,0,cnn_baseline,0,0.8986013986013986,0.8980630588910655,0.897541083861369,0.8846153846153846,0.9411764705882353,8008,357,572,129.91281170002185,0.007126300013624132,30.0,10.0,cuda: NVIDIA GeForce RTX 5070 Laptop GPU
1,ninguna,lopo,p1,0,mlp,0,0.8618881118881119,0.8608270480642206,0.8624881080311968,0.8548951048951049,0.9467787114845938,8008,357,572,183.18628330004867,0.006354900018777698,47.0,27.0,cuda: NVIDIA GeForce RTX 5070 Laptop GPU
2,ninguna,lopo,p1,0,svm,0,0.8356643356643356,0.8349809795328076,0.8345389202856639,0.8356643356643356,0.9411764705882353,8008,357,572,1.5108474000007845,0.03307539998786524,,,cpu
3,ninguna,lopo,p1,0,logreg,0,0.8706293706293706,0.8697495045291572,0.8697323420019106,0.8566433566433567,0.9187675070028011,8008,357,572,0.2933845999650657,0.0005155999679118395,,,cpu
4,ninguna,lopo,p2,1,cnn_baseline,0,0.9555555555555556,0.9549063600676505,0.954935484217351,0.9435897435897436,0.943502824858757,7968,354,585,134.54999610001687,0.005127899989020079,31.0,11.0,cuda: NVIDIA GeForce RTX 5070 Laptop GPU
5,ninguna,lopo,p2,1,mlp,0,0.9538461538461539,0.9527616520704077,0.9533184844618358,0.9162393162393162,0.9463276836158192,7968,354,585,269.1627227999852,0.004139199969358742,68.0,48.0,cuda: NVIDIA GeForce RTX 5070 Laptop GPU
6,ninguna,lopo,p2,1,svm,0,0.9042735042735043,0.9024921601766108,0.9018264598978508,0.8974358974358975,0.9293785310734464,7968,354,585,1.636137299996335,0.03662580001400784,,,cpu
7,ninguna,lopo,p2,1,logreg,0,0.9076923076923077,0.9069333023558879,0.907809590637438,0.8957264957264958,0.9293785310734464,7968,354,585,0.2538120000390336,0.00048809999134391546,,,cpu
8,ninguna,lopo,p3,2,cnn_baseline,0,0.9489795918367347,0.9486783679419909,0.9478133276641715,0.9421768707482994,0.9631728045325779,7960,353,588,159.54123680002522,0.005490300012752414,36.0,16.0,cuda: NVIDIA GeForce RTX 5070 Laptop GPU
9,ninguna,lopo,p3,2,mlp,0,0.9523809523809523,0.9521147940588294,0.951430800727283,0.9489795918367347,0.9518413597733711,7960,353,588,311.0144994999864,0.0034806999610736966,78.0,58.0,cuda: NVIDIA GeForce RTX 5070 Laptop GPU
10,ninguna,lopo,p3,2,svm,0,0.9200680272108843,0.9200420043056273,0.9178711065836728,0.9251700680272109,0.9206798866855525,7960,353,588,1.7502689000102691,0.03878050000639632,,,cpu
11,ninguna,lopo,p3,2,logreg,0,0.9302721088435374,0.9300388802818848,0.9291974810682301,0.935374149659864,0.9150141643059491,7960,353,588,0.23473769996780902,0.0006910999654792249,,,cpu
12,ninguna,lopo,p4,3,cnn_baseline,0,0.9682804674457429,0.9683164983164984,0.9682318641005944,0.9616026711185309,0.9490084985835694,7916,353,599,147.14209520001896,0.005801599996630102,33.0,13.0,cuda: NVIDIA GeForce RTX 5070 Laptop GPU
13,ninguna,lopo,p4,3,mlp,0,0.9782971619365609,0.9782828282828283,0.9781661291869587,0.9666110183639399,0.9291784702549575,7916,353,599,167.87870559998555,0.003972699982114136,42.0,22.0,cuda: NVIDIA GeForce RTX 5070 Laptop GPU
14,ninguna,lopo,p4,3,svm,0,0.9732888146911519,0.9732659932659934,0.9731707110704978,0.9248747913188647,0.9263456090651558,7916,353,599,1.7335634999908507,0.04340330004924908,,,cpu
15,ninguna,lopo,p4,3,logreg,0,0.9465776293823038,0.9466329966329966,0.946463092162363,0.9515859766277128,0.9206798866855525,7916,353,599,0.2779224999831058,0.0004835999570786953,,,cpu
16,ninguna,lopo,p5,4,cnn_baseline,0,0.7989778534923339,0.7979548291907843,0.7907736829426169,0.8364565587734242,0.9774647887323944,7956,355,587,113.62405530002434,0.0055772000341676176,26.0,6.0,cuda: NVIDIA GeForce RTX 5070 Laptop GPU
17,ninguna,lopo,p5,4,mlp,0,0.8637137989778535,0.8622220330647297,0.8565295278739993,0.8620102214650767,0.9690140845070423,7956,355,587,217.00295330001973,0.003458099963609129,55.0,35.0,cuda: NVIDIA GeForce RTX 5070 Laptop GPU
18,ninguna,lopo,p5,4,svm,0,0.8109028960817717,0.8082092460182349,0.8017852247926652,0.7666098807495741,0.9633802816901409,7956,355,587,1.7804504999658093,0.03613909997511655,,,cpu
19,ninguna,lopo,p5,4,logreg,0,0.8824531516183987,0.8816863390458894,0.8798637540507572,0.9028960817717206,0.923943661971831,7956,355,587,0.24424590001581237,0.0007214999641291797,,,cpu
20,ninguna,lopo,p1,0,cnn_baseline,1,0.8986013986013986,0.8981635806079548,0.8981953438255291,0.8758741258741258,0.9467787114845938,8008,357,572,145.80135500000324,0.005454200028907508,33.0,13.0,cuda: NVIDIA GeForce RTX 5070 Laptop GPU
21,ninguna,lopo,p1,0,mlp,1,0.8548951048951049,0.8540302639140739,0.8528067940781545,0.8601398601398601,0.9467787114845938,8008,357,572,218.60515860002488,0.003705599985551089,55.0,35.0,cuda: NVIDIA GeForce RTX 5070 Laptop GPU
22,ninguna,lopo,p1,0,svm,1,0.8234265734265734,0.8223326430182029,0.820211666921676,0.8234265734265734,0.9355742296918768,8008,357,572,1.6778621000121348,0.03215990000171587,,,cpu
23,ninguna,lopo,p1,0,logreg,1,0.8688811188811189,0.8680535439987841,0.8676313232399435,0.8601398601398601,0.9159663865546218,8008,357,572,0.24145079997833818,0.0006469999789260328,,,cpu
24,ninguna,lopo,p2,1,cnn_baseline,1,0.9487179487179487,0.9478293357095201,0.9478704795876673,0.9264957264957265,0.9463276836158192,7968,354,585,154.9891417999752,0.00492779997875914,35.0,15.0,cuda: NVIDIA GeForce RTX 5070 Laptop GPU
25,ninguna,lopo,p2,1,mlp,1,0.958974358974359,0.9577722584635028,0.9577817967270169,0.947008547008547,0.9548022598870056,7968,354,585,399.33125419996213,0.0031145999673753977,101.0,81.0,cuda: NVIDIA GeForce RTX 5070 Laptop GPU
26,ninguna,lopo,p2,1,svm,1,0.9128205128205128,0.9110873501580898,0.9103204134408535,0.9145299145299145,0.923728813559322,7968,354,585,1.943406899983529,0.04170079994946718,,,cpu
27,ninguna,lopo,p2,1,logreg,1,0.9076923076923077,0.9069508351421982,0.9075153987120927,0.8974358974358975,0.9322033898305084,7968,354,585,0.2834898000000976,0.0007433999562636018,,,cpu
28,ninguna,lopo,p3,2,cnn_baseline,1,0.9489795918367347,0.9486615329251559,0.9479357512005572,0.9489795918367347,0.9518413597733711,7960,353,588,185.0609250999987,0.004943300038576126,42.0,22.0,cuda: NVIDIA GeForce RTX 5070 Laptop GPU
29,ninguna,lopo,p3,2,mlp,1,0.9387755102040817,0.9385773578409808,0.9376102491716297,0.9336734693877551,0.9546742209631728,7960,353,588,265.1450077999616,0.0031445000204257667,67.0,47.0,cuda: NVIDIA GeForce RTX 5070 Laptop GPU
30,ninguna,lopo,p3,2,svm,1,0.935374149659864,0.9351935194571425,0.9342931295563649,0.9217687074829932,0.9263456090651558,7960,353,588,2.0050122000393458,0.04415750002954155,,,cpu
31,ninguna,lopo,p3,2,logreg,1,0.9302721088435374,0.9300388802818848,0.9291974810682301,0.9285714285714286,0.9178470254957507,7960,353,588,0.2667011999874376,0.0008095999946817756,,,cpu
32,ninguna,lopo,p4,3,cnn_baseline,1,0.9649415692821369,0.9649663299663299,0.9649286184117432,0.9682804674457429,0.9405099150141643,7916,353,599,132.54406350001227,0.004843200033064932,30.0,10.0,cuda: NVIDIA GeForce RTX 5070 Laptop GPU
33,ninguna,lopo,p4,3,mlp,1,0.9782971619365609,0.9782491582491583,0.9781048769908969,0.9749582637729549,0.9405099150141643,7916,353,599,294.741098199971,0.003404499962925911,74.0,54.0,cuda: NVIDIA GeForce RTX 5070 Laptop GPU
34,ninguna,lopo,p4,3,svm,1,0.9699499165275459,0.9699158249158248,0.969785146507312,0.9265442404006677,0.9320113314447592,7916,353,599,1.9982324999873526,0.04782670002896339,,,cpu
35,ninguna,lopo,p4,3,logreg,1,0.9499165275459098,0.94996632996633,0.9498464477658851,0.9499165275459098,0.9150141643059491,7916,353,599,0.4279761000070721,0.0005367999547161162,,,cpu
36,ninguna,lopo,p5,4,cnn_baseline,1,0.8449744463373083,0.8455574471304809,0.8356871087299066,0.9011925042589438,0.971830985915493,7956,355,587,163.8003889999818,0.0049294999917037785,37.0,17.0,cuda: NVIDIA GeForce RTX 5070 Laptop GPU
37,ninguna,lopo,p5,4,mlp,1,0.8773424190800682,0.877581621458026,0.870441065264988,0.8551959114139693,0.9802816901408451,7956,355,587,304.7010316999513,0.0036696000024676323,77.0,57.0,cuda: NVIDIA GeForce RTX 5070 Laptop GPU
38,ninguna,lopo,p5,4,svm,1,0.8143100511073254,0.8126943593235728,0.8051932547072363,0.7597955706984668,0.9605633802816902,7956,355,587,1.8642912999494001,0.03679400001419708,,,cpu
39,ninguna,lopo,p5,4,logreg,1,0.8824531516183987,0.8816863390458897,0.8799599284443351,0.9028960817717206,0.923943661971831,7956,355,587,0.23668019997421652,0.0005529000191017985,,,cpu
40,muneca_escala_rot,lopo,p1,0,cnn_baseline,0,0.9300699300699301,0.9293238596181429,0.9297552448647449,0.9230769230769231,0.9355742296918768,8008,357,572,94.12421740003629,0.004365800006780773,21.0,1.0,cuda: NVIDIA GeForce RTX 5070 Laptop GPU
41,muneca_escala_rot,lopo,p1,0,mlp,0,0.9248251748251748,0.9244572194128091,0.9249071334441533,0.9405594405594405,0.9439775910364145,8008,357,572,91.50611910002772,0.0033404999994672835,23.0,3.0,cuda: NVIDIA GeForce RTX 5070 Laptop GPU
42,muneca_escala_rot,lopo,p1,0,svm,0,0.9195804195804196,0.9191395063888509,0.9195945236438964,0.9318181818181818,0.9523809523809523,8008,357,572,1.403817699989304,0.043303699989337474,,,cpu
43,muneca_escala_rot,lopo,p1,0,logreg,0,0.8811188811188811,0.8795456557805886,0.8802897433796772,0.8916083916083916,0.9299719887955182,8008,357,572,0.2459540000418201,0.0005522000137716532,,,cpu
44,muneca_escala_rot,lopo,p2,1,cnn_baseline,0,0.9606837606837607,0.9598984721990566,0.9601938267146322,0.976068376068376,0.96045197740113,7968,354,585,128.05167690000962,0.007567799999378622,29.0,9.0,cuda: NVIDIA GeForce RTX 5070 Laptop GPU
45,muneca_escala_rot,lopo,p2,1,mlp,0,0.9777777777777777,0.9770854252421074,0.977342213994162,0.976068376068376,0.9661016949152542,7968,354,585,131.40011620003497,0.003767399990465492,33.0,13.0,cuda: NVIDIA GeForce RTX 5070 Laptop GPU
46,muneca_escala_rot,lopo,p2,1,svm,0,0.9521367521367521,0.950981911443216,0.9513840399993326,0.947008547008547,0.943502824858757,7968,354,585,1.4803314000018872,0.04846040002303198,,,cpu
47,muneca_escala_rot,lopo,p2,1,logreg,0,0.8905982905982905,0.8900474141613862,0.8888007215950361,0.8427350427350427,0.9011299435028248,7968,354,585,0.23600039997836575,0.0006850999779999256,,,cpu
48,muneca_escala_rot,lopo,p3,2,cnn_baseline,0,0.9812925170068028,0.9812560346433691,0.9812349124813965,0.9829931972789115,0.9575070821529745,7960,353,588,128.93764070002362,0.011027300031855702,29.0,9.0,cuda: NVIDIA GeForce RTX 5070 Laptop GPU
49,muneca_escala_rot,lopo,p3,2,mlp,0,0.9744897959183674,0.9744178937846096,0.9744121095552792,0.9727891156462585,0.9575070821529745,7960,353,588,154.29931490001036,0.003310200001578778,39.0,19.0,cuda: NVIDIA GeForce RTX 5070 Laptop GPU
50,muneca_escala_rot,lopo,p3,2,svm,0,0.967687074829932,0.9675965879426851,0.9675208282370401,0.9710884353741497,0.9518413597733711,7960,353,588,1.6732192999916151,0.05349210003623739,,,cpu
51,muneca_escala_rot,lopo,p3,2,logreg,0,0.9574829931972789,0.957235763200417,0.9575249513303664,0.9370748299319728,0.8980169971671388,7960,353,588,0.29597520001698285,0.00047930004075169563,,,cpu
52,muneca_escala_rot,lopo,p4,3,cnn_baseline,0,0.9816360601001669,0.9816161616161617,0.9814935664977483,0.9766277128547579,0.9546742209631728,7916,353,599,120.19402409996837,0.005502799991518259,27.0,7.0,cuda: NVIDIA GeForce RTX 5070 Laptop GPU
53,muneca_escala_rot,lopo,p4,3,mlp,0,0.9799666110183639,0.9799831649831648,0.9798213527919447,0.9782971619365609,0.9603399433427762,7916,353,599,107.88611159997527,0.0035826999810524285,27.0,7.0,cuda: NVIDIA GeForce RTX 5070 Laptop GPU
54,muneca_escala_rot,lopo,p4,3,svm,0,0.9816360601001669,0.9816498316498317,0.9816360793052227,0.9766277128547579,0.9490084985835694,7916,353,599,1.3334753999952227,0.036485399992670864,,,cpu
55,muneca_escala_rot,lopo,p4,3,logreg,0,0.8898163606010017,0.8896127946127946,0.8897023951331557,0.8747913188647746,0.8951841359773371,7916,353,599,0.3068525999551639,0.0004914000164717436,,,cpu
56,muneca_escala_rot,lopo,p5,4,cnn_baseline,0,0.9250425894378195,0.9223111262437106,0.9228276131806114,0.9335604770017035,0.9746478873239437,7956,355,587,96.9058199999854,0.005146799958311021,22.0,2.0,cuda: NVIDIA GeForce RTX 5070 Laptop GPU
57,muneca_escala_rot,lopo,p5,4,mlp,0,0.9301533219761499,0.929597851170885,0.9285577408664248,0.938671209540034,0.9774647887323944,7956,355,587,111.63806789997034,0.003707900003064424,28.0,8.0,cuda: NVIDIA GeForce RTX 5070 Laptop GPU
58,muneca_escala_rot,lopo,p5,4,svm,0,0.919931856899489,0.9192363712026633,0.9191821604005966,0.919931856899489,0.9830985915492958,7956,355,587,1.2773407000349835,0.02904420002596453,,,cpu
59,muneca_escala_rot,lopo,p5,4,logreg,0,0.8160136286201022,0.8068917640827752,0.8003640075699637,0.858603066439523,0.9352112676056338,7956,355,587,0.3580000000074506,0.0005462999688461423,,,cpu
60,muneca_escala_rot,lopo,p1,0,cnn_baseline,1,0.9335664335664335,0.9333962237455941,0.9334339359941652,0.9370629370629371,0.957983193277311,8008,357,572,138.22400129999733,0.005912899971008301,31.0,11.0,cuda: NVIDIA GeForce RTX 5070 Laptop GPU
61,muneca_escala_rot,lopo,p1,0,mlp,1,0.9388111888111889,0.9383468377999687,0.938713287648735,0.9527972027972028,0.9495798319327731,8008,357,572,108.99136470002122,0.0035666999756358564,27.0,7.0,cuda: NVIDIA GeForce RTX 5070 Laptop GPU
62,muneca_escala_rot,lopo,p1,0,svm,1,0.916083916083916,0.9157630143587173,0.9161462856258319,0.9335664335664335,0.9495798319327731,8008,357,572,1.1789844000013545,0.03823830001056194,,,cpu
63,muneca_escala_rot,lopo,p1,0,logreg,1,0.8793706293706294,0.8778484780536626,0.878588681846333,0.8863636363636364,0.9355742296918768,8008,357,572,0.3044685000204481,0.0006861999863758683,,,cpu
64,muneca_escala_rot,lopo,p2,1,cnn_baseline,1,0.976068376068376,0.9752933105467668,0.9757093268020774,0.9777777777777777,0.96045197740113,7968,354,585,102.31925010000123,0.006002800015266985,23.0,3.0,cuda: NVIDIA GeForce RTX 5070 Laptop GPU
65,muneca_escala_rot,lopo,p2,1,mlp,1,0.9777777777777777,0.9770854252421074,0.9773764727199706,0.9743589743589743,0.9661016949152542,7968,354,585,140.79011090000859,0.0035212000366300344,40.0,20.0,cuda: NVIDIA GeForce RTX 5070 Laptop GPU
66,muneca_escala_rot,lopo,p2,1,svm,1,0.935042735042735,0.9338880520682507,0.93464301011575,0.9487179487179487,0.943502824858757,7968,354,585,1.3449876999948174,0.07477300002938136,,,cpu
67,muneca_escala_rot,lopo,p2,1,logreg,1,0.8888888888888888,0.8883467338892775,0.8868402837312237,0.8512820512820513,0.903954802259887,7968,354,585,0.3082400999846868,0.0004930999712087214,,,cpu
68,muneca_escala_rot,lopo,p3,2,cnn_baseline,1,0.9727891156462585,0.9726649693512727,0.9726632789581661,0.9778911564625851,0.9348441926345609,7960,353,588,93.22330229997169,0.00501530000474304,21.0,1.0,cuda: NVIDIA GeForce RTX 5070 Laptop GPU
69,muneca_escala_rot,lopo,p3,2,mlp,1,0.9744897959183674,0.9744178937846096,0.9744035264795524,0.9744897959183674,0.9603399433427762,7960,353,588,101.63010120001854,0.003014499961864203,27.0,7.0,cuda: NVIDIA GeForce RTX 5070 Laptop GPU
70,muneca_escala_rot,lopo,p3,2,svm,1,0.967687074829932,0.9675965879426851,0.967512416249602,0.9710884353741497,0.9518413597733711,7960,353,588,1.3865693000261672,0.03400320000946522,,,cpu
71,muneca_escala_rot,lopo,p3,2,logreg,1,0.9523809523809523,0.9520811240251593,0.9524096940134759,0.9472789115646258,0.9008498583569405,7960,353,588,0.29310010001063347,0.00048160000005736947,,,cpu
72,muneca_escala_rot,lopo,p4,3,cnn_baseline,1,0.9833055091819699,0.9832828282828284,0.9832317713611198,0.9716193656093489,0.9575070821529745,7916,353,599,122.92717699997593,0.0043391999788582325,33.0,13.0,cuda: NVIDIA GeForce RTX 5070 Laptop GPU
73,muneca_escala_rot,lopo,p4,3,mlp,1,0.9849749582637729,0.9849831649831651,0.984835150037337,0.9782971619365609,0.9603399433427762,7916,353,599,92.75778280000668,0.002360299986321479,34.0,14.0,cuda: NVIDIA GeForce RTX 5070 Laptop GPU
74,muneca_escala_rot,lopo,p4,3,svm,1,0.9749582637729549,0.9749326599326599,0.9749385724439029,0.9799666110183639,0.9490084985835694,7916,353,599,1.3126527999993414,0.03263789997436106,,,cpu
75,muneca_escala_rot,lopo,p4,3,logreg,1,0.8948247078464107,0.8946632996632996,0.8943217760471347,0.8814691151919867,0.9036827195467422,7916,353,599,0.2342946999706328,0.0004955999902449548,,,cpu
76,muneca_escala_rot,lopo,p5,4,cnn_baseline,1,0.9335604770017035,0.9316744221238604,0.9320531347390689,0.9352640545144804,0.9774647887323944,7956,355,587,72.7944541000179,0.0028809999930672348,22.0,2.0,cuda: NVIDIA GeForce RTX 5070 Laptop GPU
77,muneca_escala_rot,lopo,p5,4,mlp,1,0.9471890971039182,0.9464497030227367,0.946732301584794,0.938671209540034,0.9830985915492958,7956,355,587,60.41039669996826,0.0024414000217802823,24.0,4.0,cuda: NVIDIA GeForce RTX 5070 Laptop GPU
78,muneca_escala_rot,lopo,p5,4,svm,1,0.9284497444633731,0.9274310520939736,0.9276456769880245,0.9216354344122658,0.9802816901408451,7956,355,587,1.1060116000007838,0.026916600007098168,,,cpu
79,muneca_escala_rot,lopo,p5,4,logreg,1,0.8262350936967632,0.8167026065902472,0.8077937751726197,0.8603066439522998,0.9323943661971831,7956,355,587,0.22800469998037443,0.00045489997137337923,,,cpu
