VendorID,tpep_pickup_datetime,tpep_dropoff_datetime,passenger_count,trip_distance,RatecodeID,store_and_fwd_flag,PULocationID,DOLocationID,payment_type,fare_amount,extra,mta_tax,tip_amount,tolls_amount,improvement_surcharge,total_amount,congestion_surcharge
1,01/01/2020 12:28:15 AM,01/01/2020 12:33:03 AM,1,1.2,1,N,238,239,1,6,3,0.5,1.47,0,0.3,11.27,2.5
1,01/01/2020 12:35:39 AM,01/01/2020 12:43:04 AM,1,1.2,1,N,239,238,1,7,3,0.5,1.5,0,0.3,12.3,2.5
1,01/01/2020 12:47:41 AM,01/01/2020 12:53:52 AM,1,0.6,1,N,238,238,1,6,3,0.5,1,0,0.3,10.8,2.5
1,01/01/2020 12:55:23 AM,01/01/2020 01:00:14 AM,1,0.8,1,N,238,151,1,5.5,0.5,0.5,1.36,0,0.3,8.16,0
2,01/01/2020 12:01:58 AM,01/01/2020 12:04:16 AM,1,0,1,N,193,193,2,3.5,0.5,0.5,0,0,0.3,4.8,0
2,01/01/2020 12:09:44 AM,01/01/2020 12:10:37 AM,1,0.03,1,N,7,193,2,2.5,0.5,0.5,0,0,0.3,3.8,0
2,01/01/2020 12:39:25 AM,01/01/2020 12:39:29 AM,1,0,1,N,193,193,1,2.5,0.5,0.5,0.01,0,0.3,3.81,0
2,12/18/2019 03:27:49 PM,12/18/2019 03:28:59 PM,1,0,5,N,193,193,1,0.01,0,0,0,0,0.3,2.81,2.5
2,12/18/2019 03:30:35 PM,12/18/2019 03:31:35 PM,4,0,1,N,193,193,1,2.5,0.5,0.5,0,0,0.3,6.3,2.5
1,01/01/2020 12:29:01 AM,01/01/2020 12:40:28 AM,2,0.7,1,N,246,48,1,8,3,0.5,2.35,0,0.3,14.15,2.5
1,01/01/2020 12:55:11 AM,01/01/2020 01:12:03 AM,2,2.4,1,N,246,79,1,12,3,0.5,1.75,0,0.3,17.55,2.5
1,01/01/2020 12:37:15 AM,01/01/2020 12:51:41 AM,1,0.8,1,N,163,161,2,9.5,3,0.5,0,0,0.3,13.3,2.5
1,01/01/2020 12:56:27 AM,01/01/2020 01:21:44 AM,1,3.3,1,N,161,144,1,17,3,0.5,4.15,0,0.3,24.95,2.5
2,01/01/2020 12:21:54 AM,01/01/2020 12:27:31 AM,1,1.07,1,N,43,239,1,6,0.5,0.5,1.96,0,0.3,11.76,2.5
2,01/01/2020 12:38:01 AM,01/01/2020 01:15:21 AM,1,7.76,1,N,143,25,1,28.5,0.5,0.5,4.84,0,0.3,37.14,2.5
1,01/01/2020 12:15:35 AM,01/01/2020 12:27:06 AM,3,1.6,1,N,211,234,2,9,3,0.5,0,0,0.3,12.8,2.5
1,01/01/2020 12:41:20 AM,01/01/2020 12:44:22 AM,1,0.5,1,Y,234,90,1,4,3,0.5,1,0,0.3,8.8,2.5
1,01/01/2020 12:56:38 AM,01/01/2020 01:13:34 AM,1,1.7,1,N,246,142,2,11.5,3,0.5,0,0,0.3,15.3,2.5
2,01/01/2020 12:08:21 AM,01/01/2020 12:25:29 AM,1,8.45,1,N,138,216,2,24.5,0.5,0.5,0,0,0.3,25.8,0
1,01/01/2020 12:25:39 AM,01/01/2020 12:27:05 AM,1,0,1,N,170,162,4,3,3,0.5,0,0,0.3,6.8,2.5
1,01/01/2020 12:28:53 AM,01/01/2020 12:41:59 AM,1,1.5,1,N,170,161,1,9.5,3,0.5,2.65,0,0.3,15.95,2.5
1,01/01/2020 12:49:00 AM,01/01/2020 01:17:42 AM,1,2.9,1,N,161,262,1,19,3,0.5,4.55,0,0.3,27.35,2.5
1,01/01/2020 12:23:54 AM,01/01/2020 12:38:46 AM,1,1.9,1,N,236,162,1,10.5,3,0.5,2.85,0,0.3,17.15,2.5
1,01/01/2020 12:56:12 AM,01/01/2020 01:19:57 AM,1,4.2,1,N,50,261,1,18,3,0.5,4.35,0,0.3,26.15,2.5
1,01/01/2020 12:28:02 AM,01/01/2020 12:35:56 AM,2,1.5,1,N,142,236,1,7.5,3,0.5,2.8,0,0.3,14.1,2.5
1,01/01/2020 12:48:23 AM,01/01/2020 12:53:58 AM,1,0.6,1,N,237,141,1,5.5,3,0.5,1.85,0,0.3,11.15,2.5
2,01/01/2020 12:13:53 AM,01/01/2020 12:40:35 AM,1,5.73,1,N,246,112,2,21,0.5,0.5,0,6.12,0.3,30.92,2.5
2,01/01/2020 12:19:13 AM,01/01/2020 12:28:54 AM,1,2.12,1,N,24,236,1,9,0.5,0.5,0,0,0.3,12.8,2.5
2,01/01/2020 12:31:25 AM,01/01/2020 12:37:16 AM,2,0.93,1,N,236,262,1,5.5,0.5,0.5,2.32,0,0.3,11.62,2.5
1,01/01/2020 12:29:04 AM,01/01/2020 01:03:27 AM,2,5.7,1,N,234,238,1,25.5,3,0.5,5.85,0,0.3,35.15,2.5
1,01/01/2020 12:03:02 AM,01/01/2020 12:09:22 AM,1,1.2,1,N,232,79,2,6.5,3,0.5,0,0,0.3,10.3,2.5
1,01/01/2020 12:22:24 AM,01/01/2020 12:33:24 AM,1,1.3,1,N,79,233,1,8.5,3,0.5,1.7,0,0.3,14,2.5
1,01/01/2020 12:47:27 AM,01/01/2020 12:55:40 AM,1,0.7,1,N,233,170,1,6.5,3,0.5,2.05,0,0.3,12.35,2.5
1,01/01/2020 12:57:44 AM,01/01/2020 01:00:49 AM,1,0.4,1,N,170,107,1,4,3,0.5,1.55,0,0.3,9.35,2.5
1,01/01/2020 12:28:44 AM,01/01/2020 12:43:40 AM,2,3.9,1,N,148,49,1,14.5,3,0.5,3.7,0,0.3,22,2.5
1,01/01/2020 12:04:28 AM,01/01/2020 12:17:36 AM,1,3.3,1,N,144,229,1,12,3,0.5,3.15,0,0.3,18.95,2.5
1,01/01/2020 12:19:19 AM,01/01/2020 12:34:22 AM,1,1.7,1,N,229,142,2,11,3,0.5,0,0,0.3,14.8,2.5
1,01/01/2020 12:37:35 AM,01/01/2020 12:40:31 AM,1,0.6,1,N,142,239,1,4.5,3,0.5,2.45,0,0.3,10.75,2.5
1,01/01/2020 12:43:08 AM,01/01/2020 12:54:30 AM,1,2.3,1,N,239,41,1,10,3,0.5,2.75,0,0.3,16.55,2.5
1,01/01/2020 12:55:29 AM,01/01/2020 01:06:22 AM,1,1.5,1,N,41,74,1,9,0.5,0.5,2.05,0,0.3,12.35,0
2,01/01/2020 12:22:33 AM,01/01/2020 12:28:01 AM,2,0.81,1,N,239,142,2,5.5,0.5,0.5,0,0,0.3,9.3,2.5
2,01/01/2020 12:30:11 AM,01/01/2020 01:31:29 AM,1,0.8,1,N,48,68,2,18.5,1.3,0.5,0,0,0,22.8,2.5
1,01/01/2020 12:54:57 AM,01/01/2020 12:58:50 AM,6,0.9,1,N,95,95,2,5,0.5,0.5,0,0,0.3,6.3,0
1,01/01/2020 12:23:37 AM,01/01/2020 12:26:18 AM,1,0.9,1,N,229,140,1,4.5,3,0.5,1.65,0,0.3,9.95,2.5
1,01/01/2020 12:33:33 AM,01/01/2020 12:36:20 AM,2,0.6,1,N,141,140,1,4.5,3,0.5,1.65,0,0.3,9.95,2.5
1,01/01/2020 12:43:56 AM,01/01/2020 12:46:24 AM,1,0.7,1,N,141,141,1,4.5,3,0.5,1,0,0.3,9.3,2.5
1,01/01/2020 12:58:34 AM,01/01/2020 01:07:17 AM,1,1.1,1,N,233,229,1,7,3,0.5,2.15,0,0.3,12.95,2.5
2,01/01/2020 12:31:20 AM,01/01/2020 12:47:31 AM,2,2.77,1,N,144,68,1,12.5,0.5,0.5,3.26,0,0.3,19.56,2.5
2,01/01/2020 12:50:58 AM,01/01/2020 01:06:09 AM,1,1.39,1,N,246,48,2,10,0.5,0.5,0,0,0.3,13.8,2.5
2,01/01/2020 12:12:40 AM,01/01/2020 12:18:07 AM,1,0.69,1,N,79,79,1,5.5,0.5,0.5,2.32,0,0.3,11.62,2.5
2,01/01/2020 12:43:33 AM,01/01/2020 01:21:12 AM,1,3.23,1,N,237,48,2,22.5,0.5,0.5,0,0,0.3,26.3,2.5
2,01/01/2020 12:05:31 AM,01/01/2020 12:25:18 AM,3,3.36,1,N,237,107,1,15,0.5,0.5,3.76,0,0.3,22.56,2.5
2,01/01/2020 12:42:23 AM,01/01/2020 12:47:08 AM,4,0.66,1,N,234,90,1,5,0.5,0.5,1.76,0,0.3,10.56,2.5
2,01/01/2020 12:51:18 AM,01/01/2020 01:04:08 AM,2,2,1,N,90,148,1,10,0.5,0.5,2.76,0,0.3,16.56,2.5
1,01/01/2020 12:33:31 AM,01/01/2020 12:59:47 AM,1,8.7,1,N,166,213,2,28,0.5,0.5,0,0,0.3,29.3,0
1,01/01/2020 12:26:44 AM,01/01/2020 12:48:11 AM,1,2.4,1,N,249,100,1,14.5,3,0.5,3.65,0,0.3,21.95,2.5
1,01/01/2020 12:59:30 AM,01/01/2020 01:08:40 AM,1,1,1,N,234,137,1,7,3,0.5,2.15,0,0.3,12.95,2.5
1,01/01/2020 12:20:02 AM,01/01/2020 12:26:23 AM,1,1.3,1,N,87,148,1,6.5,3,0.5,2,0,0.3,12.3,2.5
1,01/01/2020 12:30:08 AM,01/01/2020 12:43:24 AM,1,2,1,N,148,170,1,10.5,3,0.5,1,0,0.3,15.3,2.5
1,01/01/2020 12:55:41 AM,01/01/2020 01:31:23 AM,2,5.2,1,N,113,239,1,25.5,3,0.5,5.85,0,0.3,35.15,2.5
2,01/01/2020 12:21:24 AM,01/01/2020 12:33:45 AM,1,1.58,1,N,234,162,1,9.5,0.5,0.5,3.99,0,0.3,17.29,2.5
1,01/01/2020 12:28:35 AM,01/01/2020 12:44:47 AM,2,2.1,1,N,43,170,2,11.5,3,0.5,0,0,0.3,15.3,2.5
1,01/01/2020 12:59:54 AM,01/01/2020 01:20:08 AM,2,3.3,1,N,234,263,1,15,3,0.5,3.75,0,0.3,22.55,2.5
2,01/01/2020 12:20:37 AM,01/01/2020 12:26:18 AM,3,1.18,1,N,237,239,2,6,0.5,0.5,0,0,0.3,9.8,2.5
2,01/01/2020 12:29:55 AM,01/01/2020 12:48:40 AM,3,2.42,1,N,239,229,1,13,0.5,0.5,3.36,0,0.3,20.16,2.5
2,01/01/2020 12:50:47 AM,01/01/2020 01:08:23 AM,2,3.23,1,N,229,239,1,13.5,0.5,0.5,0,0,0.3,17.3,2.5
1,01/01/2020 12:27:00 AM,01/01/2020 12:49:22 AM,2,2.3,1,N,161,79,2,15,3,0.5,0,0,0.3,18.8,2.5
1,01/01/2020 12:53:50 AM,01/01/2020 01:04:39 AM,3,1.3,1,N,107,170,2,8.5,3,0.5,0,0,0.3,12.3,2.5
2,01/01/2020 12:09:11 AM,01/01/2020 12:28:51 AM,1,7.1,1,N,166,248,2,22,0.5,0.5,0,0,0.3,23.3,0
2,01/01/2020 12:42:15 AM,01/01/2020 01:16:20 AM,1,14.52,1,N,185,226,1,41,0.5,0.5,8.46,0,0.3,52.71,0
2,01/01/2020 12:15:13 AM,01/01/2020 12:26:52 AM,1,2.09,1,N,162,142,2,10,0.5,0.5,0,0,0.3,13.8,2.5
2,01/01/2020 12:28:39 AM,01/01/2020 12:54:21 AM,1,4.82,1,N,142,7,1,20.5,0.5,0.5,4.86,0,0.3,29.16,2.5
2,01/01/2020 12:13:16 AM,01/01/2020 12:17:45 AM,2,1.31,1,N,236,237,1,6,0.5,0.5,1.96,0,0.3,11.76,2.5
2,01/01/2020 12:20:03 AM,01/01/2020 12:29:43 AM,2,3.32,1,N,237,42,2,11,0.5,0.5,0,0,0.3,14.8,2.5
2,01/01/2020 12:39:11 AM,01/01/2020 01:00:00 AM,1,2.8,1,N,236,162,2,15,0.5,0.5,0,0,0.3,18.8,2.5
2,01/01/2020 12:35:13 AM,01/01/2020 12:54:55 AM,2,4.55,1,N,189,80,1,17.5,0.5,0.5,0,0,0.3,18.8,0
2,01/01/2020 12:08:40 AM,01/01/2020 12:21:20 AM,2,1.75,1,N,211,107,2,10,0.5,0.5,0,0,0.3,13.8,2.5
2,01/01/2020 12:30:10 AM,01/01/2020 12:38:35 AM,2,1.12,1,N,162,170,1,7,0.5,0.5,2.16,0,0.3,12.96,2.5
2,01/01/2020 12:53:35 AM,01/01/2020 01:12:18 AM,2,4.07,1,N,79,262,1,15.5,0.5,0.5,4.82,0,0.3,24.12,2.5
2,01/01/2020 12:13:26 AM,01/01/2020 12:16:52 AM,1,1.17,1,N,142,238,1,5.5,0.5,0.5,1,0,0.3,10.3,2.5
2,01/01/2020 12:20:28 AM,01/01/2020 12:24:30 AM,1,1.35,1,N,239,24,1,6,0.5,0.5,2.45,0,0.3,12.25,2.5
2,01/01/2020 12:25:53 AM,01/01/2020 12:35:45 AM,1,5.19,1,N,24,243,2,16,0.5,0.5,0,0,0.3,17.3,0
2,01/01/2020 12:11:46 AM,01/01/2020 12:17:54 AM,1,0.5,1,N,211,231,1,5.5,0.5,0.5,1.86,0,0.3,11.16,2.5
2,01/01/2020 12:22:30 AM,01/01/2020 12:43:08 AM,1,3.46,1,N,211,246,2,15,0.5,0.5,0,0,0.3,18.8,2.5
2,01/01/2020 12:44:37 AM,01/01/2020 01:46:33 AM,1,6.7,1,N,50,7,1,38.5,0.5,0.5,8.46,0,0.3,50.76,2.5
1,01/01/2020 12:08:54 AM,01/01/2020 12:24:20 AM,4,3.5,1,N,234,140,1,13.5,3,0.5,3.46,0,0.3,20.76,2.5
1,01/01/2020 12:26:50 AM,01/01/2020 12:38:36 AM,1,3.6,1,N,140,41,2,12.5,3,0.5,0,0,0.3,16.3,2.5
1,01/01/2020 12:58:36 AM,01/01/2020 01:04:38 AM,2,1.3,1,N,262,140,1,7,3,0.5,2.15,0,0.3,12.95,2.5
2,01/01/2020 12:02:15 AM,01/01/2020 12:13:28 AM,1,6.46,1,N,142,244,1,19,0.5,0.5,2.28,0,0.3,25.08,2.5
2,01/01/2020 12:24:45 AM,01/01/2020 12:32:07 AM,1,1.25,1,N,166,238,1,7.5,0.5,0.5,2.83,0,0.3,14.13,2.5
2,01/01/2020 12:37:17 AM,01/01/2020 12:39:44 AM,1,0.51,1,N,239,239,1,4,0.5,0.5,1.17,0,0.3,8.97,2.5
1,01/01/2020 12:39:20 AM,01/01/2020 12:40:06 AM,1,2.4,5,N,90,90,3,100,0,0,0,0,0.3,100.3,0
2,01/01/2020 12:41:18 AM,01/01/2020 01:25:00 AM,1,2.43,1,N,239,186,2,25.5,0.5,0.5,0,0,0.3,29.3,2.5
2,01/01/2020 12:12:19 AM,01/01/2020 12:18:54 AM,2,1.4,1,N,263,140,1,6.5,0.5,0.5,2.06,0,0.3,12.36,2.5
2,01/01/2020 12:21:22 AM,01/01/2020 12:35:22 AM,2,2.67,1,N,140,143,2,12,0.5,0.5,0,0,0.3,15.8,2.5
2,01/01/2020 12:37:27 AM,01/01/2020 12:50:39 AM,2,2.33,1,N,143,236,1,11,0.5,0.5,2,0,0.3,16.8,2.5
2,01/01/2020 12:53:56 AM,01/01/2020 01:13:51 AM,1,3.75,1,N,236,107,1,15.5,0.5,0.5,2,0,0.3,21.3,2.5
1,01/01/2020 12:14:05 AM,01/01/2020 12:40:50 AM,2,2.1,1,N,48,107,1,16.5,3,0.5,4.05,0,0.3,24.35,2.5
2,01/01/2020 12:14:44 AM,01/01/2020 12:23:35 AM,1,1.78,1,N,161,141,2,8,0.5,0.5,0,0,0.3,11.8,2.5
2,01/01/2020 12:25:31 AM,01/01/2020 12:38:12 AM,1,3.16,1,N,141,224,2,11.5,0.5,0.5,0,0,0.3,15.3,2.5
2,01/01/2020 12:41:28 AM,01/01/2020 12:54:20 AM,1,3.37,1,N,107,263,1,12,0.5,0.5,2.1,0,0.3,17.9,2.5
1,01/01/2020 12:18:14 AM,01/01/2020 12:21:58 AM,2,0.6,1,N,142,143,1,5,3,0.5,2.6,0,0.3,11.4,2.5
1,01/01/2020 12:25:49 AM,01/01/2020 12:29:42 AM,2,0.8,1,N,239,151,1,5,3,0.5,2,0,0.3,10.8,2.5
1,01/01/2020 12:35:03 AM,01/01/2020 12:53:06 AM,1,3,1,N,238,229,1,14,3,0.5,3.55,0,0.3,21.35,2.5
1,01/01/2020 12:56:39 AM,01/01/2020 01:21:13 AM,2,3.8,1,N,229,45,4,16.5,3,0.5,0,0,0.3,20.3,2.5
2,01/01/2020 12:08:44 AM,01/01/2020 12:19:57 AM,2,2.64,1,N,151,262,1,11,0.5,0.5,2.96,0,0.3,17.76,2.5
2,01/01/2020 12:21:23 AM,01/01/2020 12:36:23 AM,3,2.83,1,N,262,161,2,12.5,0.5,0.5,0,0,0.3,16.3,2.5
2,01/01/2020 12:46:08 AM,01/01/2020 12:56:59 AM,3,0.55,1,N,162,161,1,8,0.5,0.5,2.36,0,0.3,14.16,2.5
2,01/01/2020 12:58:31 AM,01/01/2020 01:09:45 AM,1,2.18,1,N,161,262,1,9.5,0.5,0.5,2.39,0,0.3,15.69,2.5
2,01/01/2020 12:08:27 AM,01/01/2020 12:13:52 AM,3,1.1,1,N,148,231,2,6,0.5,0.5,0,0,0.3,9.8,2.5
2,01/01/2020 12:16:16 AM,01/01/2020 12:30:41 AM,2,1.89,1,N,231,79,1,11,0.5,0.5,1,0,0.3,15.8,2.5
2,01/01/2020 12:43:50 AM,01/01/2020 12:59:52 AM,1,3.17,1,N,262,151,1,14,0.5,0.5,3.56,0,0.3,21.36,2.5
2,01/01/2020 12:12:28 AM,01/01/2020 12:21:11 AM,1,1.5,1,N,40,65,1,7.5,0.5,0.5,1.76,0,0.3,10.56,0
2,01/01/2020 12:36:33 AM,01/01/2020 12:53:23 AM,1,6.43,1,N,261,170,1,20.5,0.5,0.5,4.86,0,0.3,29.16,2.5
2,01/01/2020 12:55:51 AM,01/01/2020 01:02:28 AM,1,0.83,1,N,170,170,1,6,0.5,0.5,1.96,0,0.3,11.76,2.5
1,01/01/2020 12:14:06 AM,01/01/2020 12:22:53 AM,3,1.5,1,N,148,107,1,8,3,0.5,2.35,0,0.3,14.15,2.5
1,01/01/2020 12:30:20 AM,01/01/2020 12:54:21 AM,2,8,1,N,137,181,2,25.5,3,0.5,0,0,0.3,29.3,2.5
1,01/01/2020 12:19:32 AM,01/01/2020 12:26:03 AM,1,1.4,1,N,43,236,1,7,3,0.5,2.7,0,0.3,13.5,2.5
1,01/01/2020 12:29:14 AM,01/01/2020 12:52:47 AM,1,4.7,1,N,236,79,1,18,3,0.5,6.5,0,0.3,28.3,2.5
2,01/01/2020 12:05:56 AM,01/01/2020 12:25:52 AM,2,2.95,1,N,87,158,2,13.5,0.5,0.5,0,0,0.3,17.3,2.5
2,01/01/2020 12:29:09 AM,01/01/2020 12:59:04 AM,3,5.25,1,N,158,236,1,22.5,0.5,0.5,5.26,0,0.3,31.56,2.5
1,01/01/2020 12:16:44 AM,01/01/2020 12:18:51 AM,1,0.5,1,N,170,107,3,3.5,3,0.5,0,0,0.3,7.3,2.5
1,01/01/2020 12:53:38 AM,01/01/2020 01:04:20 AM,1,1.4,1,N,234,107,1,8.5,3,0.5,0,0,0.3,12.3,2.5
1,01/01/2020 12:31:16 AM,01/01/2020 01:05:43 AM,1,9.9,1,N,231,82,2,33,2.5,0.5,0,0,0.3,36.3,2.5
1,01/01/2020 12:42:55 AM,01/01/2020 01:07:31 AM,2,3.9,1,N,151,229,2,18,3,0.5,0,0,0.3,21.8,2.5
2,01/01/2020 12:12:38 AM,01/01/2020 12:19:11 AM,1,1.26,1,N,166,238,2,6.5,0.5,0.5,0,0,0.3,10.3,2.5
2,01/01/2020 12:21:28 AM,01/01/2020 12:27:29 AM,4,1.48,1,N,238,24,2,6.5,0.5,0.5,0,0,0.3,10.3,2.5
2,01/01/2020 12:29:32 AM,01/01/2020 12:46:42 AM,1,3.28,1,N,166,262,2,14.5,0.5,0.5,0,0,0.3,18.3,2.5
2,01/01/2020 12:21:32 AM,01/01/2020 12:30:20 AM,1,1.61,1,N,181,49,1,8,0.5,0.5,1.86,0,0.3,11.16,0
2,01/01/2020 12:47:40 AM,01/01/2020 01:09:23 AM,1,3.23,1,N,144,232,1,16,0.5,0.5,0,0,0.3,19.8,2.5
2,01/01/2020 12:27:25 AM,01/01/2020 12:37:34 AM,3,1.88,1,N,239,237,1,9,0.5,0.5,2.56,0,0.3,15.36,2.5
2,01/01/2020 12:52:06 AM,01/01/2020 01:01:48 AM,1,2.26,1,N,237,75,2,9.5,0.5,0.5,0,0,0.3,13.3,2.5
2,01/01/2020 12:53:21 AM,01/01/2020 01:16:14 AM,1,12.92,1,N,132,265,1,36,0.5,0.5,7.46,0,0.3,44.76,0
2,01/01/2020 12:13:58 AM,01/01/2020 12:32:39 AM,2,7.76,1,N,138,151,1,24,0.5,0.5,6.28,6.12,0.3,37.7,0
2,01/01/2020 12:36:37 AM,01/01/2020 12:44:04 AM,1,1.33,1,N,43,239,2,7.5,0.5,0.5,0,0,0.3,11.3,2.5
2,01/01/2020 12:46:55 AM,01/01/2020 12:51:55 AM,3,0.71,1,N,239,238,1,5.5,0.5,0.5,1.3,0,0.3,10.6,2.5
2,01/01/2020 12:52:41 AM,01/01/2020 01:08:48 AM,2,2.31,1,N,238,141,1,12.5,0.5,0.5,3.26,0,0.3,19.56,2.5
2,01/01/2020 12:03:46 AM,01/01/2020 12:14:47 AM,1,2.89,1,N,229,145,1,11.5,0.5,0.5,3.06,0,0.3,18.36,2.5
2,01/01/2020 12:42:07 AM,01/01/2020 12:49:28 AM,1,1.06,1,N,161,137,1,6.5,0.5,0.5,4,0,0.3,14.3,2.5
2,01/01/2020 12:17:41 AM,01/01/2020 12:28:27 AM,1,2.11,1,N,140,236,1,10,0.5,0.5,2.07,0,0.3,15.87,2.5
2,01/01/2020 12:32:56 AM,01/01/2020 12:41:19 AM,1,1.52,1,N,236,43,1,8.5,0.5,0.5,1,0,0.3,13.3,2.5
2,01/01/2020 12:44:51 AM,01/01/2020 12:53:30 AM,1,1.97,1,N,163,75,2,8.5,0.5,0.5,0,0,0.3,12.3,2.5
2,01/01/2020 12:05:05 AM,01/01/2020 12:14:54 AM,1,2.29,1,N,236,162,1,9,0.5,0.5,1,0,0.3,13.8,2.5
2,01/01/2020 12:25:06 AM,01/01/2020 12:29:07 AM,1,1.62,1,N,229,263,1,6.5,0.5,0.5,2.58,0,0.3,12.88,2.5
2,01/01/2020 12:30:19 AM,01/01/2020 12:33:26 AM,1,0.98,1,N,263,141,1,5,0.5,0.5,1.32,0,0.3,10.12,2.5
2,01/01/2020 12:40:24 AM,01/01/2020 12:52:17 AM,1,2.7,1,N,140,238,1,11.5,0.5,0.5,3,0,0.3,18.3,2.5
2,01/01/2020 12:53:10 AM,01/01/2020 01:46:40 AM,1,6.39,1,N,238,211,1,34,0.5,0.5,7.56,0,0.3,45.36,2.5
1,01/01/2020 12:14:09 AM,01/01/2020 12:34:04 AM,3,1.4,1,N,233,186,2,12.5,3,0.5,0,0,0.3,16.3,2.5
1,01/01/2020 12:44:31 AM,01/01/2020 01:11:20 AM,2,5.2,1,N,249,112,1,19,3,0.5,5.75,6.12,0.3,34.67,2.5
2,01/01/2020 12:12:04 AM,01/01/2020 12:16:39 AM,1,0.75,1,N,249,125,1,5,0.5,0.5,1.76,0,0.3,10.56,2.5
2,01/01/2020 12:22:52 AM,01/01/2020 12:35:39 AM,1,2.01,1,N,211,137,1,10,0.5,0.5,2.76,0,0.3,16.56,2.5
2,01/01/2020 12:37:00 AM,01/01/2020 12:58:24 AM,1,7.21,1,N,137,158,1,23.5,0.5,0.5,5.46,0,0.3,32.76,2.5
2,01/01/2020 12:41:55 AM,01/01/2020 01:25:10 AM,2,4.26,1,N,68,261,2,27.5,0.5,0.5,0,0,0.3,31.3,2.5
2,01/01/2020 12:43:13 AM,01/01/2020 01:40:35 AM,5,8.6,1,N,68,223,1,39.5,0.5,0.5,5.2,0,0.3,48.5,2.5
1,01/01/2020 12:13:26 AM,01/01/2020 12:42:31 AM,3,2.7,1,N,249,48,1,18,3,0.5,2,0,0.3,23.8,2.5
1,01/01/2020 12:46:09 AM,01/01/2020 01:00:08 AM,1,3.4,1,N,142,41,1,12.5,3,0.5,4.05,0,0.3,20.35,2.5
2,01/01/2020 12:22:59 AM,01/01/2020 12:41:19 AM,1,2.38,1,N,164,79,1,13,0.5,0.5,3.36,0,0.3,20.16,2.5
2,01/01/2020 12:45:05 AM,01/01/2020 01:23:29 AM,1,5.18,1,N,79,143,1,25,0.5,0.5,4.32,0,0.3,33.12,2.5
2,01/01/2020 12:55:36 AM,01/01/2020 01:11:07 AM,1,2.92,1,N,142,41,2,13,0.5,0.5,0,0,0.3,16.8,2.5
2,01/01/2020 12:16:49 AM,01/01/2020 12:37:53 AM,1,3.06,1,N,162,79,2,14.5,0.5,0.5,0,0,0.3,18.3,2.5
2,01/01/2020 12:47:49 AM,01/01/2020 12:52:27 AM,1,0.74,1,N,107,137,1,5,0.5,0.5,0.88,0,0.3,9.68,2.5
2,01/01/2020 12:54:28 AM,01/01/2020 12:58:41 AM,1,0.6,1,N,170,137,3,-4.5,-0.5,-0.5,0,0,-0.3,-8.3,-2.5
2,01/01/2020 12:54:28 AM,01/01/2020 12:58:41 AM,1,0.6,1,N,170,137,2,4.5,0.5,0.5,0,0,0.3,8.3,2.5
2,01/01/2020 12:29:11 AM,01/01/2020 12:46:19 AM,1,3.83,1,N,163,24,1,15.5,0.5,0.5,2,0,0.3,21.3,2.5
2,01/01/2020 12:53:51 AM,01/01/2020 01:12:49 AM,1,5.34,1,N,238,90,2,19,0.5,0.5,0,0,0.3,22.8,2.5
1,01/01/2020 12:08:29 AM,01/01/2020 12:13:20 AM,1,0.5,1,N,114,148,1,5,3,0.5,1.75,0,0.3,10.55,2.5
1,01/01/2020 12:16:48 AM,01/01/2020 12:36:07 AM,3,3.9,1,N,148,48,1,16,3,0.5,3.95,0,0.3,23.75,2.5
1,01/01/2020 12:43:27 AM,01/01/2020 12:59:10 AM,1,1.9,1,N,48,143,1,11.5,3,0.5,3.05,0,0.3,18.35,2.5
1,01/01/2020 12:22:28 AM,01/01/2020 12:25:23 AM,1,0.6,1,N,68,246,2,4.5,3,0.5,0,0,0.3,8.3,2.5
1,01/01/2020 12:29:45 AM,01/01/2020 12:42:18 AM,2,2.3,1,N,68,125,1,10.5,3,0.5,0,0,0.3,14.3,2.5
1,01/01/2020 12:44:41 AM,01/01/2020 12:50:09 AM,1,1.2,1,N,125,158,1,6,3,0.5,1.96,0,0.3,11.76,2.5
1,01/01/2020 12:50:44 AM,01/01/2020 01:00:04 AM,3,1.7,1,N,158,211,1,8.5,3,0.5,2.45,0,0.3,14.75,2.5
2,01/01/2020 12:21:46 AM,01/01/2020 12:41:56 AM,4,4.55,1,N,229,144,2,18,0.5,0.5,0,0,0.3,21.8,2.5
2,01/01/2020 12:44:03 AM,01/01/2020 12:51:58 AM,3,1.53,1,N,144,113,1,7.5,0.5,0.5,2.82,0,0.3,14.12,2.5
2,01/01/2020 12:54:02 AM,01/01/2020 01:04:38 AM,3,1.35,1,N,113,170,2,8.5,0.5,0.5,0,0,0.3,12.3,2.5
2,01/01/2020 12:17:27 AM,01/01/2020 12:27:08 AM,4,0.84,1,N,140,237,1,7.5,0.5,0.5,2.26,0,0.3,13.56,2.5
2,01/01/2020 12:32:54 AM,01/01/2020 12:41:29 AM,4,1.8,1,N,237,75,1,8.5,0.5,0.5,2.46,0,0.3,14.76,2.5
2,01/01/2020 12:43:27 AM,01/01/2020 12:53:36 AM,3,1.49,1,N,75,41,2,8,0.5,0.5,0,0,0.3,9.3,0
2,01/01/2020 12:54:33 AM,01/01/2020 01:12:25 AM,2,1.76,1,N,41,75,2,12.5,0.5,0.5,0,0,0.3,13.8,0
1,01/01/2020 12:34:40 AM,01/01/2020 12:38:08 AM,1,0.6,1,N,236,262,1,4.5,3,0.5,1.65,0,0.3,9.95,2.5
1,01/01/2020 12:39:40 AM,01/01/2020 01:03:26 AM,2,13.7,1,N,262,134,1,38.5,3,0.5,12.1,6.12,0.3,60.52,2.5
1,01/01/2020 12:08:37 AM,01/01/2020 12:39:27 AM,2,1.5,1,N,90,161,1,18,3,0.5,3,0,0.3,24.8,2.5
2,01/01/2020 12:15:13 AM,01/01/2020 12:33:57 AM,1,3.57,1,N,68,238,2,15,0.5,0.5,0,0,0.3,18.8,2.5
2,01/01/2020 12:35:21 AM,01/01/2020 12:55:42 AM,1,8.2,1,N,238,220,2,25.5,0.5,0.5,0,2.8,0.3,32.1,2.5
1,01/01/2020 12:22:58 AM,01/01/2020 12:35:46 AM,2,2.1,1,N,161,141,1,10.5,3,0.5,1,0,0.3,15.3,2.5
1,01/01/2020 12:41:52 AM,01/01/2020 12:48:16 AM,2,1.3,1,N,237,262,2,6.5,3,0.5,0,0,0.3,10.3,2.5
1,01/01/2020 12:58:43 AM,01/01/2020 01:12:27 AM,1,4.1,1,N,236,226,2,14,3,0.5,0,0,0.3,17.8,2.5
2,01/01/2020 12:25:39 AM,01/01/2020 12:36:05 AM,1,1.65,1,N,249,148,1,9,0.5,0.5,2.56,0,0.3,15.36,2.5
2,01/01/2020 12:38:20 AM,01/01/2020 12:55:28 AM,3,2.53,1,N,148,170,1,12.5,0.5,0.5,3.26,0,0.3,19.56,2.5
2,01/01/2020 12:59:05 AM,01/01/2020 01:20:51 AM,3,1.92,1,N,170,68,1,14,0.5,0.5,3.56,0,0.3,21.36,2.5
1,01/01/2020 12:44:31 AM,01/01/2020 12:48:46 AM,1,0.8,3,N,170,107,1,22.5,0.5,0,4.65,0,0.3,27.95,0
1,01/01/2020 12:11:14 AM,01/01/2020 12:36:19 AM,1,5.2,1,N,231,239,1,21,3,0.5,6.2,0,0.3,31,2.5
1,01/01/2020 12:39:34 AM,01/01/2020 12:43:42 AM,2,0.7,1,N,238,151,1,5,3,0.5,1.76,0,0.3,10.56,2.5
1,01/01/2020 12:45:13 AM,01/01/2020 12:52:55 AM,1,1.6,1,N,238,43,2,7.5,3,0.5,0,0,0.3,11.3,2.5
1,01/01/2020 12:54:18 AM,01/01/2020 01:23:46 AM,1,6.6,1,N,43,114,1,25,3,0.5,4,0,0.3,32.8,2.5
1,01/01/2020 12:01:54 AM,01/01/2020 12:26:47 AM,1,2.3,1,N,161,249,1,16.5,3,0.5,4.05,0,0.3,24.35,2.5
1,01/01/2020 12:31:57 AM,01/01/2020 01:00:34 AM,1,4.5,1,N,249,143,1,20.5,3,0.5,4.86,0,0.3,29.16,2.5
2,01/01/2020 12:17:28 AM,01/01/2020 12:37:16 AM,6,2.11,1,N,142,237,2,13.5,0.5,0.5,0,0,0.3,17.3,2.5
2,01/01/2020 12:38:43 AM,01/01/2020 12:54:55 AM,6,2.48,1,N,236,170,1,12,0.5,0.5,3.16,0,0.3,18.96,2.5
2,01/01/2020 12:11:29 AM,01/01/2020 12:20:24 AM,1,1.79,1,N,144,158,1,8,0.5,0.5,2.36,0,0.3,14.16,2.5
2,01/01/2020 12:23:21 AM,01/01/2020 12:34:40 AM,1,1.25,1,N,158,234,1,8.5,0.5,0.5,3.69,0,0.3,15.99,2.5
2,01/01/2020 12:39:10 AM,01/01/2020 12:52:11 AM,2,1.66,1,N,234,211,1,9.5,0.5,0.5,2.66,0,0.3,15.96,2.5
2,01/01/2020 12:53:40 AM,01/01/2020 01:08:02 AM,1,2.32,1,N,114,45,1,11,0.5,0.5,2.96,0,0.3,17.76,2.5
2,01/01/2020 12:13:45 AM,01/01/2020 12:21:24 AM,1,1.27,1,N,231,211,1,7,0.5,0.5,2.16,0,0.3,12.96,2.5
2,01/01/2020 12:27:33 AM,01/01/2020 12:55:36 AM,1,4.83,1,N,113,75,1,20.5,0.5,0.5,6.08,0,0.3,30.38,2.5
2,01/01/2020 12:08:36 AM,01/01/2020 12:20:14 AM,1,2.64,1,N,141,151,2,11,0.5,0.5,0,0,0.3,14.8,2.5
2,01/01/2020 12:22:52 AM,01/01/2020 12:35:46 AM,1,2.68,1,N,151,141,1,11.5,0.5,0.5,3.06,0,0.3,18.36,2.5
2,01/01/2020 12:37:05 AM,01/01/2020 12:48:36 AM,1,1.42,1,N,141,262,2,9,0.5,0.5,0,0,0.3,12.8,2.5
2,01/01/2020 12:57:38 AM,01/01/2020 01:02:31 AM,1,1.24,1,N,141,229,2,6,0.5,0.5,0,0,0.3,9.8,2.5
2,01/01/2020 12:23:11 AM,01/01/2020 12:45:03 AM,1,5.33,1,N,113,255,1,20,0.5,0.5,4.76,0,0.3,28.56,2.5
2,01/01/2020 12:47:40 AM,01/01/2020 01:07:25 AM,1,5.37,1,N,255,233,1,19.5,0.5,0.5,4.66,0,0.3,27.96,2.5
1,01/01/2020 12:40:25 AM,01/01/2020 12:44:29 AM,3,0.9,1,N,141,262,1,5,3,0.5,1.75,0,0.3,10.55,2.5
2,01/01/2020 12:28:56 AM,01/01/2020 12:44:28 AM,1,1.35,1,N,113,164,1,10.5,0.5,0.5,2.86,0,0.3,17.16,2.5
2,01/01/2020 12:48:34 AM,01/01/2020 12:55:38 AM,1,0.69,1,N,234,113,1,6,0.5,0.5,1.96,0,0.3,11.76,2.5
2,01/01/2020 12:57:21 AM,01/01/2020 01:10:32 AM,1,2.63,1,N,113,229,1,11,0.5,0.5,2.96,0,0.3,17.76,2.5
2,01/01/2020 12:30:50 AM,01/01/2020 12:55:01 AM,1,3.4,1,N,249,233,1,16,0.5,0.5,4.95,0,0.3,24.75,2.5
2,01/01/2020 12:40:58 AM,01/01/2020 12:50:00 AM,1,1.55,1,N,239,237,1,8.5,0.5,0.5,2.46,0,0.3,14.76,2.5
2,01/01/2020 12:01:04 AM,01/01/2020 12:19:37 AM,1,6.72,1,N,75,129,1,21,0.5,0.5,0,0,0.3,24.8,2.5
2,01/01/2020 12:22:20 AM,01/01/2020 12:28:26 AM,1,1.37,1,N,129,226,2,7,0.5,0.5,0,0,0.3,8.3,0
2,01/01/2020 12:46:19 AM,01/01/2020 12:54:47 AM,1,6.32,1,N,132,28,2,18,0.5,0.5,0,0,0.3,19.3,0
2,01/01/2020 12:56:32 AM,01/01/2020 01:13:53 AM,1,11.85,2,N,93,263,1,52,0,0.5,12.28,6.12,0.3,73.7,2.5
2,01/01/2020 12:24:07 AM,01/01/2020 12:27:48 AM,6,0.89,1,N,129,260,2,5.5,0.5,0.5,0,0,0.3,6.8,0
2,01/01/2020 12:39:43 AM,01/01/2020 12:45:55 AM,6,1.47,1,N,226,260,2,7,0.5,0.5,0,0,0.3,8.3,0
2,01/01/2020 12:48:29 AM,01/01/2020 12:55:05 AM,6,1.24,1,N,260,129,1,6.5,0.5,0.5,2.34,0,0.3,10.14,0
2,01/01/2020 12:24:13 AM,01/01/2020 12:57:38 AM,1,15.69,1,N,138,153,1,44,0.5,0.5,10.28,6.12,0.3,61.7,0
2,01/01/2020 12:54:09 AM,01/01/2020 01:17:53 AM,1,1.74,1,N,48,137,1,14.5,0.5,0.5,3.66,0,0.3,21.96,2.5
2,01/01/2020 12:07:57 AM,01/01/2020 12:32:35 AM,2,10.05,1,N,138,142,2,30.5,0.5,0.5,0,6.12,0.3,40.42,2.5
2,01/01/2020 12:35:46 AM,01/01/2020 12:56:40 AM,2,2.39,1,N,142,233,1,14.5,0.5,0.5,3.66,0,0.3,21.96,2.5
2,01/01/2020 12:59:39 AM,01/01/2020 01:08:21 AM,1,1.19,1,N,233,234,1,7.5,0.5,0.5,2,0,0.3,13.3,2.5
1,01/01/2020 12:11:24 AM,01/01/2020 12:17:15 AM,2,1.7,1,N,237,236,2,7,3,0.5,0,0,0.3,10.8,2.5
1,01/01/2020 12:25:18 AM,01/01/2020 12:33:43 AM,3,1.6,1,N,43,262,1,8,3,0.5,2.35,0,0.3,14.15,2.5
1,01/01/2020 12:38:02 AM,01/01/2020 12:53:28 AM,1,2.7,1,N,262,170,2,12.5,3,0.5,0,0,0.3,16.3,2.5
1,01/01/2020 12:56:12 AM,01/01/2020 12:59:50 AM,1,0.5,1,N,170,137,1,4.5,3,0.5,1,0,0.3,9.3,2.5
1,01/01/2020 12:32:45 AM,01/01/2020 12:36:48 AM,1,0.6,1,N,137,107,3,5,3,0.5,0,0,0.3,8.8,2.5
1,01/01/2020 12:39:24 AM,01/01/2020 12:52:40 AM,1,2.9,1,N,107,140,3,12,3,0.5,0,0,0.3,15.8,2.5
2,01/01/2020 12:43:10 AM,01/01/2020 12:57:20 AM,1,2.8,1,N,148,229,1,11.5,0.5,0.5,3.06,0,0.3,18.36,2.5
1,01/01/2020 12:16:41 AM,01/01/2020 12:36:04 AM,2,6.7,1,N,237,87,2,22,3,0.5,0,0,0.3,25.8,2.5
1,01/01/2020 12:38:48 AM,01/01/2020 12:46:09 AM,2,1.8,1,Y,209,66,1,8,3,0.5,2.95,0,0.3,14.75,2.5
1,01/01/2020 12:50:35 AM,01/01/2020 01:01:02 AM,2,2.3,1,N,65,148,2,10,3,0.5,0,0,0.3,13.8,2.5
1,01/01/2020 12:21:13 AM,01/01/2020 12:50:30 AM,1,18.2,2,N,132,116,1,52,0,0.5,0,6.12,0.3,58.92,0
1,01/01/2020 12:56:06 AM,01/01/2020 01:14:25 AM,1,6,1,N,116,220,3,19.5,0.5,0.5,0,0,0.3,20.8,0
2,01/01/2020 12:09:12 AM,01/01/2020 12:17:32 AM,2,2.23,1,N,166,239,1,9,0.5,0.5,3.2,0,0.3,16,2.5
2,01/01/2020 12:20:23 AM,01/01/2020 12:23:39 AM,1,0.78,1,N,239,239,2,4.5,0.5,0.5,0,0,0.3,8.3,2.5
2,01/01/2020 12:24:09 AM,01/01/2020 12:27:19 AM,1,0.78,1,N,239,238,1,4.5,0.5,0.5,1.66,0,0.3,9.96,2.5
2,01/01/2020 12:28:02 AM,01/01/2020 12:59:11 AM,2,7.03,1,N,238,232,1,25.5,0.5,0.5,5.86,0,0.3,35.16,2.5
1,01/01/2020 12:39:22 AM,01/01/2020 12:47:57 AM,2,1,1,N,90,79,2,7,3,0.5,0,0,0.3,10.8,2.5
2,01/01/2020 12:29:59 AM,01/01/2020 12:41:57 AM,1,3.42,1,N,43,193,2,12,0.5,0.5,0,0,0.3,15.8,2.5
1,01/01/2020 12:35:14 AM,01/01/2020 12:47:37 AM,1,2.8,1,N,229,113,1,11,3,0.5,2.95,0,0.3,17.75,2.5
1,01/01/2020 12:50:55 AM,01/01/2020 01:43:59 AM,1,13.3,1,N,114,55,2,46.5,3,0.5,0,0,0.3,50.3,2.5
2,01/01/2020 12:09:07 AM,01/01/2020 12:21:03 AM,1,2.52,1,N,50,90,1,10.5,0.5,0.5,2.86,0,0.3,17.16,2.5
2,01/01/2020 12:37:03 AM,01/01/2020 12:48:20 AM,1,1.62,1,N,90,79,1,9,0.5,0.5,2.56,0,0.3,15.36,2.5
2,01/01/2020 12:56:44 AM,01/01/2020 01:09:59 AM,1,2,1,N,79,90,1,10.5,0.5,0.5,2.86,0,0.3,17.16,2.5
2,01/01/2020 12:00:36 AM,01/01/2020 12:26:11 AM,1,9.84,1,N,148,159,2,30.5,0.5,0.5,0,0,0.3,34.3,2.5
2,01/01/2020 12:46:24 AM,01/01/2020 12:49:55 AM,1,0.79,1,N,141,263,1,5,0.5,0.5,1,0,0.3,9.8,2.5
2,01/01/2020 12:53:33 AM,01/01/2020 01:08:24 AM,1,4.67,1,N,141,4,1,16,0.5,0.5,7.5,0,0.3,27.3,2.5
1,01/01/2020 12:26:39 AM,01/01/2020 12:27:57 AM,1,0.5,1,Y,74,74,2,3.5,0.5,0.5,0,0,0.3,4.8,0
1,01/01/2020 12:35:37 AM,01/01/2020 12:45:49 AM,2,2.1,1,N,236,239,1,9.5,3,0.5,2.65,0,0.3,15.95,2.5
1,01/01/2020 12:48:54 AM,01/01/2020 01:12:05 AM,2,5,1,N,239,226,1,19,3,0.5,4.55,0,0.3,27.35,2.5
2,01/01/2020 12:07:49 AM,01/01/2020 12:12:54 AM,1,0.77,1,N,148,4,1,5.5,0.5,0.5,1.86,0,0.3,11.16,2.5
2,01/01/2020 12:19:34 AM,01/01/2020 12:27:21 AM,1,1.09,1,N,79,249,1,7,0.5,0.5,2.16,0,0.3,12.96,2.5
2,01/01/2020 12:33:46 AM,01/01/2020 12:52:09 AM,1,0.24,1,N,234,90,2,11.5,0.5,0.5,0,0,0.3,15.3,2.5
2,01/01/2020 12:29:02 AM,01/01/2020 12:35:51 AM,1,0.79,1,N,114,232,1,6,0.5,0.5,1,0,0.3,10.8,2.5
2,01/01/2020 12:48:10 AM,01/01/2020 01:13:41 AM,1,4.12,1,N,114,189,1,19,0.5,0.5,4.56,0,0.3,27.36,2.5
1,01/01/2020 12:30:01 AM,01/01/2020 12:39:06 AM,0,1.4,1,N,234,114,1,7.5,3,0.5,2.25,0,0.3,13.55,2.5
1,01/01/2020 12:40:50 AM,01/01/2020 12:50:05 AM,0,1.5,1,N,114,137,1,8,3,0.5,2.35,0,0.3,14.15,2.5
1,01/01/2020 12:54:17 AM,01/01/2020 01:08:08 AM,0,2.5,1,Y,137,144,2,11.5,3,0.5,0,0,0.3,15.3,2.5
1,01/01/2020 12:28:47 AM,01/01/2020 01:01:37 AM,2,3.7,1,N,107,143,1,20.5,3,0.5,5,0,0.3,29.3,2.5
1,01/01/2020 12:14:18 AM,01/01/2020 12:42:24 AM,1,2.2,1,N,113,161,2,17.5,3,0.5,0,0,0.3,21.3,2.5
1,01/01/2020 12:46:31 AM,01/01/2020 01:11:12 AM,3,1.9,1,N,161,68,2,15.5,3,0.5,0,0,0.3,19.3,2.5
2,01/01/2020 12:35:15 AM,01/01/2020 12:41:53 AM,1,1.79,1,N,236,239,2,8,0.5,0.5,0,0,0.3,11.8,2.5
2,01/01/2020 12:43:19 AM,01/01/2020 12:54:48 AM,1,2.02,1,N,238,263,1,10,0.5,0.5,2.2,0,0.3,16,2.5
2,01/01/2020 12:59:27 AM,01/01/2020 01:18:53 AM,1,3.83,1,N,262,50,2,16,0.5,0.5,0,0,0.3,19.8,2.5
1,01/01/2020 12:33:32 AM,01/01/2020 12:39:18 AM,2,1.4,1,N,141,263,1,6.5,3,0.5,1.55,0,0.3,11.85,2.5
1,01/01/2020 12:51:06 AM,01/01/2020 12:57:10 AM,2,1.8,1,N,263,229,1,7.5,3,0.5,2.8,0,0.3,14.1,2.5
2,01/01/2020 12:50:31 AM,01/01/2020 12:53:45 AM,1,0.55,1,N,74,74,2,4,0.5,0.5,0,0,0.3,5.3,0
2,01/01/2020 12:24:47 AM,01/01/2020 12:35:09 AM,1,1.2,1,N,161,170,2,8,0.5,0.5,0,0,0.3,11.8,2.5
2,01/01/2020 12:47:36 AM,01/01/2020 01:13:47 AM,2,2.25,1,N,170,142,1,16,0.5,0.5,2.97,0,0.3,22.77,2.5
2,01/01/2020 12:05:45 AM,01/01/2020 12:19:30 AM,2,2.15,1,N,158,79,1,10.5,0.5,0.5,2.86,0,0.3,17.16,2.5
2,01/01/2020 12:22:35 AM,01/01/2020 12:38:31 AM,1,2.8,1,N,79,13,2,13,0.5,0.5,0,0,0.3,16.8,2.5
2,01/01/2020 12:42:33 AM,01/01/2020 01:03:11 AM,1,7.53,1,N,13,141,1,24,0.5,0.5,6.95,0,0.3,34.75,2.5
1,01/01/2020 12:34:58 AM,01/01/2020 12:45:28 AM,0,2.8,1,N,145,224,2,11,3,0.5,0,6.12,0.3,20.92,2.5
1,01/01/2020 12:46:41 AM,01/01/2020 12:51:14 AM,3,0.7,1,N,224,107,1,5,3,0.5,1.75,0,0.3,10.55,2.5
1,01/01/2020 12:55:25 AM,01/01/2020 01:10:34 AM,0,2.6,1,N,137,140,1,11.5,3,0.5,3.05,0,0.3,18.35,2.5
1,01/01/2020 12:12:57 AM,01/01/2020 12:24:06 AM,1,1.8,1,N,90,233,1,9.5,3,0.5,2.65,0,0.3,15.95,2.5
1,01/01/2020 12:52:34 AM,01/01/2020 01:05:28 AM,4,0.7,1,N,161,163,2,9,3,0.5,0,0,0.3,12.8,2.5
1,01/01/2020 12:05:04 AM,01/01/2020 12:14:12 AM,1,1.8,1,N,239,262,1,8.5,3,0.5,3.65,0,0.3,15.95,2.5
1,01/01/2020 12:20:49 AM,01/01/2020 12:31:07 AM,1,1.9,1,N,263,238,1,9,3,0.5,3.8,0,0.3,16.6,2.5
1,01/01/2020 12:34:19 AM,01/01/2020 12:43:44 AM,1,1.3,1,N,239,151,1,8,3,0.5,1,0,0.3,12.8,2.5
1,01/01/2020 12:45:58 AM,01/01/2020 12:52:15 AM,1,1.8,1,N,238,142,1,7.5,3,0.5,2.8,0,0.3,14.1,2.5
1,01/01/2020 12:53:24 AM,01/01/2020 01:31:06 AM,1,2.7,1,N,142,170,1,15.5,3,0.5,1,0,0.3,20.3,2.5
1,01/01/2020 12:26:22 AM,01/01/2020 12:33:14 AM,2,0.3,1,N,90,90,2,5.5,3,0.5,0,0,0.3,9.3,2.5
1,01/01/2020 12:45:25 AM,01/01/2020 01:12:19 AM,1,5.2,1,N,113,37,1,21.5,3,0.5,0,0,0.3,25.3,2.5
2,01/01/2020 12:30:59 AM,01/01/2020 12:53:36 AM,1,9.93,1,N,132,122,1,30,0.5,0.5,6.26,0,0.3,37.56,0
1,01/01/2020 12:41:48 AM,01/01/2020 01:14:40 AM,3,4.4,1,N,48,144,1,22,3,0.5,5.15,0,0.3,30.95,2.5
2,01/01/2020 12:29:19 AM,01/01/2020 12:39:51 AM,1,1.66,1,N,43,262,2,9,0.5,0.5,0,0,0.3,12.8,2.5
2,01/01/2020 12:43:09 AM,01/01/2020 12:47:52 AM,1,0.86,1,N,263,236,1,5.5,0.5,0.5,1.86,0,0.3,11.16,2.5
2,01/01/2020 12:41:47 AM,01/01/2020 12:49:06 AM,1,0.53,1,N,234,234,2,6,0.5,0.5,0,0,0.3,9.8,2.5
2,01/01/2020 12:20:53 AM,01/01/2020 12:31:57 AM,1,2.39,1,N,236,143,1,10.5,0.5,0.5,2.86,0,0.3,17.16,2.5
2,01/01/2020 12:33:14 AM,01/01/2020 12:39:03 AM,1,0.95,1,N,143,48,1,6.5,0.5,0.5,2.06,0,0.3,12.36,2.5
2,01/01/2020 12:49:04 AM,01/01/2020 12:51:50 AM,1,0.4,1,N,143,142,2,4,0.5,0.5,0,0,0.3,7.8,2.5
2,01/01/2020 12:59:46 AM,01/01/2020 01:09:36 AM,1,1.54,1,N,239,238,2,8,0.5,0.5,0,0,0.3,11.8,2.5
2,01/01/2020 12:53:34 AM,01/01/2020 01:15:49 AM,3,1.72,1,N,48,164,2,14,0.5,0.5,0,0,0.3,17.8,2.5
1,01/01/2020 12:23:50 AM,01/01/2020 12:38:12 AM,1,2.8,1,N,234,141,1,12,3,0.5,3.15,0,0.3,18.95,2.5
1,01/01/2020 12:59:55 AM,01/01/2020 01:14:21 AM,1,2,1,N,43,262,2,11,3,0.5,0,0,0.3,14.8,2.5
2,01/01/2020 12:46:10 AM,01/01/2020 01:09:35 AM,1,10.91,4,N,132,265,1,45.5,0.5,0.5,9.36,0,0.3,56.16,0
1,01/01/2020 12:16:35 AM,01/01/2020 12:28:36 AM,1,1.9,1,N,68,144,2,9.5,3,0.5,0,0,0.3,13.3,2.5
1,01/01/2020 12:32:03 AM,01/01/2020 12:43:57 AM,2,2.8,1,N,148,256,1,11.5,3,0.5,4.55,0,0.3,19.85,2.5
1,01/01/2020 12:51:19 AM,01/01/2020 01:05:10 AM,1,1.5,1,N,256,225,1,10,0.5,0.5,2.8,0,0.3,14.1,0
1,01/01/2020 12:31:48 AM,01/01/2020 01:09:59 AM,1,5.6,1,N,114,239,1,26,3,0.5,5.95,0,0.3,35.75,2.5
2,01/01/2020 12:26:58 AM,01/01/2020 12:38:12 AM,2,1.63,1,N,90,246,1,9,0.5,0.5,2.56,0,0.3,15.36,2.5
2,01/01/2020 12:42:05 AM,01/01/2020 12:46:30 AM,2,0.36,1,N,48,50,1,4.5,0.5,0.5,1.66,0,0.3,9.96,2.5
2,01/01/2020 12:17:34 AM,01/01/2020 12:23:09 AM,4,1.34,1,N,238,151,1,6.5,0.5,0.5,2.58,0,0.3,12.88,2.5
2,01/01/2020 12:28:32 AM,01/01/2020 12:45:33 AM,3,3.5,1,N,238,229,1,14.5,0.5,0.5,3.66,0,0.3,21.96,2.5
1,01/01/2020 12:15:58 AM,01/01/2020 12:26:37 AM,1,4.3,1,N,132,10,1,14.5,0.5,0.5,3.95,0,0.3,19.75,0
1,01/01/2020 12:48:50 AM,01/01/2020 12:59:24 AM,2,4,1,N,132,218,2,13.5,0.5,0.5,0,0,0.3,14.8,0
1,01/01/2020 12:20:29 AM,01/01/2020 12:49:26 AM,1,1.9,1,N,43,186,2,17.5,3,0.5,0,0,0.3,21.3,2.5
1,01/01/2020 12:53:44 AM,01/01/2020 01:25:18 AM,1,6.1,1,N,90,112,1,24,3,0.5,5.55,0,0.3,33.35,2.5
2,01/01/2020 12:18:15 AM,01/01/2020 12:23:56 AM,1,1.17,1,N,238,41,2,6,0.5,0.5,0,0,0.3,7.3,0
2,01/01/2020 12:27:47 AM,01/01/2020 12:37:35 AM,1,1.96,1,N,151,74,2,9.5,0.5,0.5,0,0,0.3,10.8,0
2,01/01/2020 12:42:25 AM,01/01/2020 12:53:34 AM,1,2.36,1,N,41,116,2,10,0.5,0.5,0,0,0.3,11.3,0
2,01/01/2020 12:56:15 AM,01/01/2020 01:04:56 AM,1,1.99,1,N,116,166,1,9,0.5,0.5,2.06,0,0.3,12.36,0
2,01/01/2020 12:15:20 AM,01/01/2020 12:29:00 AM,1,3.74,1,N,141,112,1,13.5,0.5,0.5,3.46,0,0.3,20.76,2.5
2,01/01/2020 12:30:34 AM,01/01/2020 12:34:24 AM,1,0.65,1,N,112,112,2,4.5,0.5,0.5,0,0,0.3,5.8,0
2,01/01/2020 12:54:05 AM,01/01/2020 12:58:05 AM,1,1.42,1,N,140,263,2,6,0.5,0.5,0,0,0.3,9.8,2.5
2,01/01/2020 12:46:16 AM,01/01/2020 12:49:56 AM,1,0.65,1,N,229,229,2,4.5,0.5,0.5,0,0,0.3,8.3,2.5
2,01/01/2020 12:52:45 AM,01/01/2020 01:13:18 AM,1,7.05,1,N,229,116,1,22.5,0.5,0.5,6.58,0,0.3,32.88,2.5
1,01/01/2020 12:17:10 AM,01/01/2020 12:25:50 AM,2,1.2,1,N,237,229,2,7.5,3,0.5,0,0,0.3,11.3,2.5
1,01/01/2020 12:28:32 AM,01/01/2020 12:39:35 AM,2,3.5,1,N,229,179,2,12.5,3,0.5,0,0,0.3,16.3,2.5
1,01/01/2020 12:33:12 AM,01/01/2020 12:34:20 AM,1,0.5,1,N,263,263,2,3.5,3,0.5,0,0,0.3,7.3,2.5
1,01/01/2020 12:43:24 AM,01/01/2020 12:54:32 AM,1,3.3,1,N,263,193,1,12,3,0.5,1,0,0.3,16.8,2.5
2,01/01/2020 12:10:27 AM,01/01/2020 12:24:39 AM,1,1.48,1,N,68,79,1,9.5,0.5,0.5,0,0,0.3,13.3,2.5
2,01/01/2020 12:29:00 AM,01/01/2020 12:33:45 AM,1,0.46,1,N,79,79,1,5,0.5,0.5,0.88,0,0.3,9.68,2.5
2,01/01/2020 12:36:06 AM,01/01/2020 12:58:01 AM,1,9.28,1,N,79,42,1,27,0.5,0.5,6.16,0,0.3,36.96,2.5
1,01/01/2020 12:16:21 AM,01/01/2020 12:32:53 AM,1,2,1,N,48,234,1,11.5,3,0.5,2.3,0,0.3,17.6,2.5
1,01/01/2020 12:40:01 AM,01/01/2020 01:16:16 AM,1,13.6,1,N,234,221,2,40.5,3,0.5,0,18.36,0.3,62.66,2.5
2,01/01/2020 12:45:19 AM,01/01/2020 01:00:10 AM,6,3.96,1,N,161,74,2,14.5,0.5,0.5,0,0,0.3,18.3,2.5
2,01/01/2020 12:07:14 AM,01/01/2020 12:37:35 AM,2,18.39,1,N,132,17,1,50.5,0.5,0.5,10.36,0,0.3,62.16,0
1,01/01/2020 12:12:22 AM,01/01/2020 12:31:19 AM,1,4.3,1,N,141,249,1,15.5,3,0.5,3.7,0,0.3,23,2.5
2,01/01/2020 12:52:06 AM,01/01/2020 01:08:24 AM,5,2.09,1,N,140,142,1,12,0.5,0.5,3.16,0,0.3,18.96,2.5
2,01/01/2020 12:23:56 AM,01/01/2020 12:52:58 AM,1,1.85,1,N,43,164,2,17.5,0.5,0.5,0,0,0.3,21.3,2.5
2,01/01/2020 12:53:54 AM,01/01/2020 01:05:15 AM,1,1.23,1,N,164,107,1,8.5,0.5,0.5,3.08,0,0.3,15.38,2.5
1,01/01/2020 12:16:18 AM,01/01/2020 12:22:46 AM,1,1.1,1,N,162,237,2,6.5,3,0.5,0,0,0.3,10.3,2.5
1,01/01/2020 12:47:39 AM,01/01/2020 01:01:11 AM,1,1.5,1,N,161,141,1,10,3,0.5,4.1,0,0.3,17.9,2.5
1,01/01/2020 12:49:48 AM,01/01/2020 01:35:07 AM,2,11.4,1,N,50,255,1,39.5,3,0.5,8.65,0,0.3,51.95,2.5
2,01/01/2020 12:31:28 AM,01/01/2020 12:45:27 AM,1,2.34,1,N,239,229,1,11,0.5,0.5,2.96,0,0.3,17.76,2.5
2,01/01/2020 12:47:58 AM,01/01/2020 01:02:59 AM,1,2.44,1,N,229,236,2,12,0.5,0.5,0,0,0.3,15.8,2.5
1,01/01/2020 12:16:15 AM,01/01/2020 12:26:07 AM,1,3.2,1,N,148,87,1,12,3,0.5,3.15,0,0.3,18.95,2.5
1,01/01/2020 12:30:26 AM,01/01/2020 12:38:30 AM,1,1.7,1,N,87,261,2,8,3,0.5,0,0,0.3,11.8,2.5
1,01/01/2020 12:41:15 AM,01/01/2020 01:27:28 AM,1,14.9,1,N,231,127,1,47.5,3,0.5,5,0,0.3,56.3,2.5
1,01/01/2020 12:23:57 AM,01/01/2020 12:35:07 AM,1,1.4,1,N,68,246,2,9,3,0.5,0,0,0.3,12.8,2.5
1,01/01/2020 12:52:29 AM,01/01/2020 12:55:46 AM,1,0.3,1,N,68,90,3,4,3,0.5,0,0,0.3,7.8,2.5
2,01/01/2020 12:28:02 AM,01/01/2020 12:31:58 AM,1,1.2,1,N,236,237,1,5.5,0.5,0.5,1.86,0,0.3,11.16,2.5
2,01/01/2020 12:33:50 AM,01/01/2020 12:48:54 AM,1,6.44,1,N,237,87,1,20,0.5,0.5,4.76,0,0.3,28.56,2.5
2,01/01/2020 12:50:19 AM,01/01/2020 01:05:46 AM,1,6.15,1,N,87,162,1,19.5,0.5,0.5,4.66,0,0.3,27.96,2.5
2,01/01/2020 12:22:06 AM,01/01/2020 12:26:40 AM,2,0.4,1,N,48,246,2,4.5,0.5,0.5,0,0,0.3,8.3,2.5
2,01/01/2020 12:40:09 AM,01/01/2020 12:51:20 AM,1,1.89,1,N,50,239,1,9.5,0.5,0.5,2.66,0,0.3,15.96,2.5
2,01/01/2020 12:54:17 AM,01/01/2020 01:27:05 AM,1,3.02,1,N,238,68,2,21,0.5,0.5,0,0,0.3,24.8,2.5
2,01/01/2020 12:14:26 AM,01/01/2020 12:51:55 AM,1,3.21,1,N,48,237,1,22.5,0.5,0.5,5.26,0,0.3,31.56,2.5
2,01/01/2020 12:53:10 AM,01/01/2020 12:57:56 AM,1,0.83,1,N,237,263,1,5.5,0.5,0.5,1,0,0.3,10.3,2.5
2,01/01/2020 12:18:19 AM,01/01/2020 12:29:31 AM,1,2.36,1,N,236,43,1,10.5,0.5,0.5,3.58,0,0.3,17.88,2.5
2,01/01/2020 12:30:27 AM,01/01/2020 12:35:37 AM,1,1.08,1,N,43,43,1,6,0.5,0.5,1.96,0,0.3,11.76,2.5
2,01/01/2020 12:37:14 AM,01/01/2020 12:41:38 AM,1,0.74,1,N,43,238,1,5.5,0.5,0.5,1.86,0,0.3,11.16,2.5
2,01/01/2020 12:47:00 AM,01/01/2020 12:52:12 AM,1,1.22,1,N,43,41,1,6.5,0.5,0.5,2.06,0,0.3,12.36,2.5
2,01/01/2020 12:57:38 AM,01/01/2020 01:20:23 AM,1,6.34,1,N,151,7,1,21,0.5,0.5,2,0,0.3,26.8,2.5
2,01/01/2020 02:12:22 AM,01/01/2020 02:12:27 AM,1,0,5,N,265,265,1,65,0,0,0,0,0.3,65.3,0
2,01/01/2020 12:33:49 AM,01/01/2020 12:49:52 AM,2,1.3,1,N,107,68,1,11,0.5,0.5,2.96,0,0.3,17.76,2.5
2,01/01/2020 12:03:49 AM,01/01/2020 12:12:02 AM,1,1.54,1,N,238,236,2,8,0.5,0.5,0,0,0.3,11.8,2.5
2,01/01/2020 12:36:19 AM,01/01/2020 12:49:47 AM,1,1.34,1,N,161,170,1,9.5,0.5,0.5,1,0,0.3,14.3,2.5
2,01/01/2020 12:54:59 AM,01/01/2020 01:07:57 AM,1,0.78,1,N,107,90,2,9,0.5,0.5,0,0,0.3,12.8,2.5
2,01/01/2020 12:57:36 AM,01/01/2020 01:01:40 AM,1,0.6,1,N,79,79,1,4.5,0.5,0.5,1.66,0,0.3,9.96,2.5
2,01/01/2020 12:22:44 AM,01/01/2020 12:46:01 AM,1,3.53,1,N,249,237,1,16.5,0.5,0.5,5.08,0,0.3,25.38,2.5
2,01/01/2020 12:47:43 AM,01/01/2020 01:10:44 AM,1,6.53,1,N,237,231,1,22.5,0.5,0.5,5.26,0,0.3,31.56,2.5
1,01/01/2020 12:37:44 AM,01/01/2020 12:58:21 AM,1,4.1,1,N,237,231,1,16,3,0.5,3.95,0,0.3,23.75,2.5
1,01/01/2020 12:59:14 AM,01/01/2020 01:13:00 AM,1,2.7,1,N,231,68,1,12,3,0.5,3.15,0,0.3,18.95,2.5
2,01/01/2020 12:57:13 AM,01/01/2020 12:58:05 AM,1,0.11,1,N,260,260,3,-2.5,-0.5,-0.5,0,0,-0.3,-3.8,0
2,01/01/2020 12:57:13 AM,01/01/2020 12:58:05 AM,1,0.11,1,N,260,260,2,2.5,0.5,0.5,0,0,0.3,3.8,0
2,01/01/2020 12:27:21 AM,01/01/2020 12:41:36 AM,1,2.62,1,N,43,107,2,11,0.5,0.5,0,0,0.3,14.8,2.5
2,01/01/2020 12:25:18 AM,01/01/2020 12:32:19 AM,1,0.68,1,N,162,234,2,6,0.5,0.5,0,0,0.3,9.8,2.5
2,01/01/2020 12:44:37 AM,01/01/2020 01:00:58 AM,1,1.49,1,N,234,114,1,11.5,0.5,0.5,3.06,0,0.3,18.36,2.5
2,01/01/2020 12:23:30 AM,01/01/2020 12:41:40 AM,1,4.41,1,N,263,246,1,17,0.5,0.5,4.16,0,0.3,24.96,2.5
2,01/01/2020 12:21:11 AM,01/01/2020 12:44:16 AM,1,5.1,1,N,140,7,1,18.5,0.5,0.5,4.46,0,0.3,26.76,2.5
2,01/01/2020 12:33:24 AM,01/01/2020 12:43:44 AM,1,3.02,1,N,79,209,1,11,0.5,0.5,2.96,0,0.3,17.76,2.5
2,01/01/2020 12:06:44 AM,01/01/2020 12:20:57 AM,1,1.83,1,N,114,164,2,11,0.5,0.5,0,0,0.3,14.8,2.5
2,01/01/2020 12:25:31 AM,01/01/2020 12:45:25 AM,1,4.67,1,N,164,209,1,19,0.5,0.5,5.7,0,0.3,28.5,2.5
2,01/01/2020 12:50:33 AM,01/01/2020 01:01:22 AM,1,3.74,1,N,87,79,1,13,0.5,0.5,3.36,0,0.3,20.16,2.5
2,01/01/2020 12:10:31 AM,01/01/2020 12:16:00 AM,3,0.97,1,N,151,239,1,6,0.5,0.5,1.96,0,0.3,11.76,2.5
2,01/01/2020 12:16:49 AM,01/01/2020 12:21:20 AM,2,0.95,1,N,239,143,1,5.5,0.5,0.5,4,0,0.3,13.3,2.5
2,01/01/2020 12:30:03 AM,01/01/2020 12:37:29 AM,2,1.5,1,N,239,236,1,7.5,0.5,0.5,2.26,0,0.3,13.56,2.5
2,01/01/2020 12:38:14 AM,01/01/2020 12:50:56 AM,3,3.89,1,N,237,224,1,14,0.5,0.5,4.45,0,0.3,22.25,2.5
2,01/01/2020 12:57:10 AM,01/01/2020 01:05:24 AM,1,1.71,1,N,224,162,2,8,0.5,0.5,0,0,0.3,11.8,2.5
2,01/01/2020 12:36:30 AM,01/01/2020 01:09:34 AM,1,19.19,2,N,264,264,1,52,0,0.5,13.82,0,0.3,69.12,2.5
2,01/01/2020 12:06:36 AM,01/01/2020 12:16:05 AM,2,1.28,1,N,79,170,1,8,0.5,0.5,2.36,0,0.3,14.16,2.5
2,01/01/2020 12:29:39 AM,01/01/2020 12:45:31 AM,2,2.75,1,N,113,229,2,12.5,0.5,0.5,0,0,0.3,16.3,2.5
2,01/01/2020 12:46:29 AM,01/01/2020 12:51:52 AM,1,1.4,1,N,229,229,1,6.5,0.5,0.5,2,0,0.3,12.3,2.5
2,01/01/2020 12:38:58 AM,01/01/2020 12:51:12 AM,2,3.62,1,N,17,148,1,13,0.5,0.5,3.36,0,0.3,20.16,2.5
2,01/01/2020 12:56:29 AM,01/01/2020 12:59:27 AM,1,0.54,1,N,79,232,1,4,0.5,0.5,1.56,0,0.3,9.36,2.5
1,01/01/2020 12:13:45 AM,01/01/2020 12:41:21 AM,1,3.8,1,N,231,50,1,19,3,0.5,4.55,0,0.3,27.35,2.5
1,01/01/2020 12:55:15 AM,01/01/2020 12:59:13 AM,1,0.6,1,N,50,246,1,5,3,0.5,2.6,0,0.3,11.4,2.5
2,01/01/2020 12:19:36 AM,01/01/2020 12:21:09 AM,1,0.54,1,N,239,238,2,3.5,0.5,0.5,0,0,0.3,7.3,2.5
2,01/01/2020 12:24:22 AM,01/01/2020 12:25:54 AM,1,0.56,1,N,238,239,1,3.5,0.5,0.5,1.7,0,0.3,9,2.5
2,01/01/2020 12:27:23 AM,01/01/2020 12:43:58 AM,1,4.06,1,N,239,137,2,14.5,0.5,0.5,0,0,0.3,18.3,2.5
2,01/01/2020 12:45:37 AM,01/01/2020 01:05:57 AM,1,3.76,1,N,137,262,1,15,0.5,0.5,2.25,0,0.3,21.05,2.5
2,01/01/2020 12:21:24 AM,01/01/2020 12:24:36 AM,1,0.53,1,N,113,114,1,4.5,0.5,0.5,0.75,0,0.3,9.05,2.5
2,01/01/2020 12:28:33 AM,01/01/2020 01:04:02 AM,1,4.25,1,N,144,48,2,23,0.5,0.5,0,0,0.3,26.8,2.5
1,01/01/2020 12:19:34 AM,01/01/2020 12:30:38 AM,1,0.8,1,N,87,87,2,8.5,3,0.5,0,0,0.3,12.3,2.5
1,01/01/2020 12:42:02 AM,01/01/2020 12:56:13 AM,1,2.7,1,N,87,249,1,12,3,0.5,3.15,0,0.3,18.95,2.5
1,01/01/2020 12:58:05 AM,01/01/2020 01:08:56 AM,1,1.7,1,N,249,148,2,9,3,0.5,0,0,0.3,12.8,2.5
1,01/01/2020 12:12:24 AM,01/01/2020 12:17:10 AM,0,1.4,1,N,236,237,1,6,3.5,0.5,2.05,0,0.3,12.35,2.5
1,01/01/2020 12:20:50 AM,01/01/2020 12:36:29 AM,0,1.1,1,N,141,161,1,10.5,3.5,0.5,0.2,0,0.3,15,2.5
1,01/01/2020 12:39:00 AM,01/01/2020 12:46:47 AM,0,0.8,1,N,161,233,1,6.5,3.5,0.5,0.5,0,0.3,11.3,2.5
1,01/01/2020 02:55:43 AM,01/01/2020 02:55:43 AM,1,0,1,N,181,264,2,28.5,0.5,0.5,0,0,0,29.5,0
1,01/01/2020 12:48:50 AM,01/01/2020 01:01:32 AM,0,2.3,1,N,233,90,1,10,3.5,0.5,2.85,0,0.3,17.15,2.5
1,01/01/2020 12:06:06 AM,01/01/2020 12:10:45 AM,1,0.9,1,N,237,263,1,5.5,3,0.5,1.85,0,0.3,11.15,2.5
1,01/01/2020 12:11:54 AM,01/01/2020 12:17:17 AM,2,1,1,N,263,141,1,5.5,3,0.5,1.85,0,0.3,11.15,2.5
1,01/01/2020 12:24:59 AM,01/01/2020 12:32:42 AM,1,0.8,1,N,237,140,1,6.5,3,0.5,1.03,0,0.3,11.33,2.5
1,01/01/2020 12:40:06 AM,01/01/2020 12:43:51 AM,1,0.5,1,N,141,262,1,4.5,3,0.5,0,0,0.3,8.3,2.5
1,01/01/2020 12:49:56 AM,01/01/2020 01:18:17 AM,1,4.4,1,N,262,68,1,20.5,3,0.5,4.85,0,0.3,29.15,2.5
2,01/01/2020 12:26:47 AM,01/01/2020 12:37:51 AM,1,1.53,1,N,234,233,1,9,0.5,0.5,2.56,0,0.3,15.36,2.5
2,01/01/2020 12:41:53 AM,01/01/2020 12:47:02 AM,2,0.34,1,N,170,170,1,5,0.5,0.5,1.76,0,0.3,10.56,2.5
2,01/01/2020 12:53:13 AM,01/01/2020 01:04:57 AM,2,1.77,1,N,164,68,2,9.5,0.5,0.5,0,0,0.3,13.3,2.5
2,01/01/2020 12:43:35 AM,01/01/2020 12:54:56 AM,1,0.99,1,N,229,170,1,8.5,0.5,0.5,1,0,0.3,13.3,2.5
2,01/01/2020 12:42:00 AM,01/01/2020 12:58:45 AM,1,3.07,1,N,238,116,2,13.5,0.5,0.5,0,0,0.3,14.8,0
2,01/01/2020 12:30:18 AM,01/01/2020 01:01:03 AM,1,23.47,1,N,132,195,1,61.5,0.5,0.5,12.56,0,0.3,75.36,0
2,01/01/2020 12:19:06 AM,01/01/2020 12:25:28 AM,2,0.84,1,N,114,144,1,6,0.5,0.5,1.47,0,0.3,11.27,2.5
2,01/01/2020 12:29:17 AM,01/01/2020 12:42:44 AM,1,1.67,1,N,114,79,2,9.5,0.5,0.5,0,0,0.3,13.3,2.5
2,01/01/2020 12:43:40 AM,01/01/2020 12:58:16 AM,1,2.68,1,N,79,229,1,11,0.5,0.5,2.96,0,0.3,17.76,2.5
1,01/01/2020 12:37:09 AM,01/01/2020 12:40:31 AM,0,0.2,1,N,48,50,1,4,3,0.5,0,0,0.3,7.8,2.5
1,01/01/2020 12:49:26 AM,01/01/2020 01:31:05 AM,2,10.1,1,N,48,18,2,37,3,0.5,0,0,0.3,40.8,2.5
1,01/01/2020 12:50:25 AM,01/01/2020 01:06:09 AM,3,4.8,1,N,232,263,1,16.5,3,0.5,4.05,0,0.3,24.35,2.5
2,01/01/2020 12:31:57 AM,01/01/2020 12:48:23 AM,1,3.77,1,N,162,238,2,14,0.5,0.5,0,0,0.3,17.8,2.5
2,01/01/2020 12:55:53 AM,01/01/2020 01:06:42 AM,1,1.65,1,N,238,142,2,9,0.5,0.5,0,0,0.3,12.8,2.5
2,01/01/2020 12:38:38 AM,01/01/2020 12:43:17 AM,1,0.44,1,N,90,249,1,4.5,0.5,0.5,1.49,0,0.3,9.79,2.5
2,01/01/2020 12:44:53 AM,01/01/2020 01:08:14 AM,1,2.43,1,N,249,48,1,15,0.5,0.5,4.7,0,0.3,23.5,2.5
2,01/01/2020 12:30:31 AM,01/01/2020 01:44:14 AM,1,8.92,1,N,170,238,2,38,0.5,0.5,0,0,0.3,41.8,2.5
1,01/01/2020 12:41:13 AM,01/01/2020 12:52:29 AM,2,1.9,1,N,148,170,1,9.5,3,0.5,0,0,0.3,13.3,2.5
2,01/01/2020 12:10:56 AM,01/01/2020 12:23:33 AM,1,6.57,1,N,138,168,1,19,0.5,0.5,10,6.12,0.3,36.42,0
2,01/01/2020 12:41:24 AM,01/01/2020 12:50:55 AM,1,2.41,1,N,263,233,1,9.5,0.5,0.5,2.66,0,0.3,15.96,2.5
2,01/01/2020 12:26:50 AM,01/01/2020 12:40:12 AM,1,5.31,1,N,87,229,2,17,0.5,0.5,0,0,0.3,20.8,2.5
2,01/01/2020 12:45:07 AM,01/01/2020 12:49:59 AM,1,1,1,N,229,141,1,5.5,0.5,0.5,1.5,0,0.3,10.8,2.5
1,01/01/2020 12:46:55 AM,01/01/2020 01:00:20 AM,2,0.5,1,N,161,229,2,9,3,0.5,0,0,0.3,12.8,2.5
2,01/01/2020 12:00:14 AM,01/01/2020 12:15:46 AM,1,7.25,1,N,79,168,2,21.5,0.5,0.5,0,0,0.3,25.3,2.5
2,01/01/2020 12:35:51 AM,01/01/2020 12:38:07 AM,1,0.61,1,N,141,263,1,4,0.5,0.5,2,0,0.3,9.8,2.5
2,01/01/2020 12:42:03 AM,01/01/2020 12:50:42 AM,1,1.31,1,N,141,236,1,7.5,0.5,0.5,3.39,0,0.3,14.69,2.5
2,01/01/2020 12:56:20 AM,01/01/2020 12:59:09 AM,1,0.62,1,N,236,237,1,4,0.5,0.5,1.56,0,0.3,9.36,2.5
1,01/01/2020 12:41:25 AM,01/01/2020 01:03:46 AM,2,4.3,1,N,181,232,1,18,3,0.5,4.35,0,0.3,26.15,2.5
2,01/01/2020 12:15:21 AM,01/01/2020 12:19:07 AM,2,0.71,1,N,148,79,1,4.5,0.5,0.5,2.49,0,0.3,10.79,2.5
2,01/01/2020 12:23:24 AM,01/01/2020 12:32:10 AM,1,2.23,1,N,79,229,1,9,0.5,0.5,2.56,0,0.3,15.36,2.5
2,01/01/2020 12:54:16 AM,01/01/2020 01:05:46 AM,1,1.3,1,N,107,158,1,8.5,0.5,0.5,2.46,0,0.3,14.76,2.5
1,01/01/2020 12:26:43 AM,01/01/2020 12:41:33 AM,2,1.2,1,N,239,48,1,10.5,3,0.5,2.85,0,0.3,17.15,2.5
1,01/01/2020 12:47:20 AM,01/01/2020 01:21:21 AM,1,2.7,1,N,48,113,1,20.5,3,0.5,7.25,0,0.3,31.55,2.5
1,01/01/2020 12:12:42 AM,01/01/2020 12:32:40 AM,1,7.1,1,N,162,147,2,22,3,0.5,0,0,0.3,25.8,2.5
1,01/01/2020 12:30:37 AM,01/01/2020 12:32:38 AM,1,0.4,1,N,151,151,2,3.5,0.5,0.5,0,0,0.3,4.8,0
1,01/01/2020 12:39:09 AM,01/01/2020 12:48:11 AM,1,1.1,1,N,41,74,1,7.5,0.5,0.5,2.2,0,0.3,11,0
1,01/01/2020 12:58:34 AM,01/01/2020 01:17:20 AM,1,4.8,1,N,41,233,1,17.5,3,0.5,5.3,0,0.3,26.6,2.5
1,01/01/2020 12:35:13 AM,01/01/2020 12:58:50 AM,1,5.7,1,N,161,87,2,21.5,3,0.5,0,0,0.3,25.3,2.5
2,01/01/2020 12:33:46 AM,01/01/2020 01:12:20 AM,1,4.17,1,N,79,50,1,24.5,0.5,0.5,5.66,0,0.3,33.96,2.5
2,01/01/2020 02:37:26 AM,01/01/2020 02:37:42 AM,2,0.02,5,N,145,145,1,20,0,0,0,0,0.3,20.3,0
2,01/01/2020 12:51:14 AM,01/01/2020 01:26:42 AM,1,1.92,1,N,142,68,1,21,0.5,0.5,7.44,0,0.3,32.24,2.5
2,01/01/2020 12:31:19 AM,01/01/2020 12:39:26 AM,4,1.01,1,N,170,161,2,7,0.5,0.5,0,0,0.3,10.8,2.5
2,01/01/2020 12:47:13 AM,01/01/2020 12:54:52 AM,6,1.77,1,N,161,140,1,7.5,0.5,0.5,2.26,0,0.3,13.56,2.5
2,01/01/2020 12:58:35 AM,01/01/2020 01:02:04 AM,4,0.73,1,N,140,140,1,4.5,0.5,0.5,1.66,0,0.3,9.96,2.5
1,01/01/2020 12:38:19 AM,01/01/2020 12:45:58 AM,3,1.3,1,N,237,141,1,7.5,3,0.5,3,0,0.3,14.3,2.5
1,01/01/2020 12:55:27 AM,01/01/2020 01:09:35 AM,2,0.8,1,N,237,161,2,9.5,3,0.5,0,0,0.3,13.3,2.5
2,01/01/2020 12:11:31 AM,01/01/2020 12:15:34 AM,2,0.6,1,N,68,68,1,4.5,0.5,0.5,1.66,0,0.3,9.96,2.5
2,01/01/2020 12:32:20 AM,01/01/2020 12:44:34 AM,2,0.38,1,N,249,45,2,8.5,0.5,0.5,0,0,0.3,12.3,2.5
1,01/01/2020 12:14:04 AM,01/01/2020 12:40:02 AM,2,3.3,1,N,231,170,2,17,3,0.5,0,0,0.3,20.8,2.5
1,01/01/2020 12:41:20 AM,01/01/2020 12:44:37 AM,1,0.5,1,N,170,137,1,4,3,0.5,2.3,0,0.3,10.1,2.5
1,01/01/2020 12:49:50 AM,01/01/2020 01:17:05 AM,2,4.7,1,N,137,255,1,20.5,3,0.5,1.22,0,0.3,25.52,2.5
1,01/01/2020 12:18:42 AM,01/01/2020 12:26:15 AM,2,1.2,1,N,68,107,1,7,3,0.5,2.16,0,0.3,12.96,2.5
1,01/01/2020 12:49:15 AM,01/01/2020 12:51:43 AM,1,0.4,1,Y,137,107,1,4,3,0.5,1.55,0,0.3,9.35,2.5
1,01/01/2020 12:55:56 AM,01/01/2020 01:15:07 AM,2,3.5,1,N,79,255,1,16,3,0.5,3,0,0.3,22.8,2.5
1,01/01/2020 12:14:46 AM,01/01/2020 12:47:23 AM,1,5.6,1,N,113,238,1,24,3,0.5,3,0,0.3,30.8,2.5
1,01/01/2020 12:53:36 AM,01/01/2020 01:09:47 AM,1,1.9,1,N,238,141,2,12,3,0.5,0,0,0.3,15.8,2.5
2,01/01/2020 12:17:57 AM,01/01/2020 12:54:31 AM,2,4.39,1,N,234,238,1,24,0.5,0.5,3,0,0.3,30.8,2.5
1,01/01/2020 12:36:37 AM,01/01/2020 12:44:02 AM,1,1.7,1,N,231,90,1,8,3,0.5,2.12,0,0.3,13.92,2.5
1,01/01/2020 12:54:48 AM,01/01/2020 01:14:28 AM,1,1.7,1,N,164,142,1,13,3,0.5,3.36,0,0.3,20.16,2.5
2,01/01/2020 12:38:08 AM,01/01/2020 12:53:52 AM,1,3.36,1,N,144,255,1,14,0.5,0.5,3.56,0,0.3,21.36,2.5
1,01/01/2020 12:31:06 AM,01/01/2020 01:04:57 AM,1,0,1,N,166,211,1,26.2,0,0.5,0,0,0.3,27,0
1,01/01/2020 12:10:28 AM,01/01/2020 12:25:45 AM,2,2,1,N,161,68,1,11,3,0.5,2.95,0,0.3,17.75,2.5
1,01/01/2020 12:31:05 AM,01/01/2020 12:51:40 AM,2,1,1,N,246,68,1,13,3,0.5,4.2,0,0.3,21,2.5
1,01/01/2020 12:58:55 AM,01/01/2020 01:29:16 AM,1,2.7,1,N,90,163,1,18.5,3,0.5,2,0,0.3,24.3,2.5
2,01/01/2020 12:28:25 AM,01/01/2020 12:31:01 AM,3,0.47,1,N,90,68,1,4,0.5,0.5,2.34,0,0.3,10.14,2.5
2,01/01/2020 12:32:03 AM,01/01/2020 12:48:59 AM,3,3.19,1,N,246,231,1,14,0.5,0.5,5.34,0,0.3,23.14,2.5
2,01/01/2020 12:50:31 AM,01/01/2020 12:57:24 AM,3,0.81,1,N,209,148,1,6,0.5,0.5,1.96,0,0.3,11.76,2.5
2,01/01/2020 12:58:14 AM,01/01/2020 01:07:16 AM,3,1.55,1,N,148,87,1,8,0.5,0.5,2.36,0,0.3,14.16,2.5
1,01/01/2020 12:24:37 AM,01/01/2020 12:45:38 AM,1,3.5,1,N,43,48,1,16.5,3,0.5,4.05,0,0.3,24.35,2.5
1,01/01/2020 12:46:26 AM,01/01/2020 01:25:41 AM,1,11.8,1,N,48,67,1,38,3,0.5,9.55,6.12,0.3,57.47,2.5
2,01/01/2020 12:12:59 AM,01/01/2020 12:33:03 AM,3,4.13,1,N,239,170,2,16,0.5,0.5,0,0,0.3,19.8,2.5
2,01/01/2020 12:35:58 AM,01/01/2020 12:46:55 AM,1,2.26,1,N,170,263,1,10,0.5,0.5,2.76,0,0.3,16.56,2.5
2,01/01/2020 12:57:35 AM,01/01/2020 01:20:41 AM,3,2.25,1,N,237,50,1,15,0.5,0.5,3.76,0,0.3,22.56,2.5
2,01/01/2020 12:03:30 AM,01/01/2020 12:15:17 AM,4,1.72,1,N,114,158,1,9.5,0.5,0.5,2.66,0,0.3,15.96,2.5
2,01/01/2020 12:33:41 AM,01/01/2020 12:37:24 AM,1,0.36,1,N,107,234,1,4,0.5,0.5,2.34,0,0.3,10.14,2.5
2,01/01/2020 12:47:39 AM,01/01/2020 01:15:04 AM,2,7.7,1,N,107,106,1,26.5,0.5,0.5,9.09,0,0.3,39.39,2.5
2,01/01/2020 12:12:04 AM,01/01/2020 12:28:09 AM,1,3.01,1,N,142,236,1,14,0.5,0.5,5.34,0,0.3,23.14,2.5
2,01/01/2020 12:37:30 AM,01/01/2020 12:43:10 AM,1,1.02,1,N,239,142,2,6.5,0.5,0.5,0,0,0.3,10.3,2.5
2,01/01/2020 12:44:18 AM,01/01/2020 12:55:49 AM,3,1.74,1,N,142,229,1,9,0.5,0.5,3.2,0,0.3,16,2.5
2,01/01/2020 12:33:28 AM,01/01/2020 12:38:30 AM,4,1.42,1,N,229,140,1,6.5,0.5,0.5,2.06,0,0.3,12.36,2.5
2,01/01/2020 12:40:50 AM,01/01/2020 12:52:03 AM,3,4.65,1,N,262,4,1,15,0.5,0.5,1,0,0.3,19.8,2.5
2,01/01/2020 12:55:08 AM,01/01/2020 01:17:51 AM,5,5.7,1,N,79,75,1,20,0.5,0.5,4.76,0,0.3,28.56,2.5
2,01/01/2020 12:07:41 AM,01/01/2020 12:10:23 AM,1,0.65,1,N,140,262,2,4.5,0.5,0.5,0,0,0.3,8.3,2.5
2,01/01/2020 12:18:48 AM,01/01/2020 12:38:14 AM,1,2.96,1,N,262,143,1,14.5,0.5,0.5,4.58,0,0.3,22.88,2.5
2,01/01/2020 12:44:53 AM,01/01/2020 12:51:24 AM,1,2.05,1,N,142,24,1,8,0.5,0.5,2.36,0,0.3,14.16,2.5
2,01/01/2020 12:57:08 AM,01/01/2020 01:01:33 AM,1,0.83,1,N,151,238,2,5.5,0.5,0.5,0,0,0.3,9.3,2.5
2,01/01/2020 12:24:29 AM,01/01/2020 12:47:32 AM,1,11.12,1,N,233,89,2,32.5,0.5,0.5,0,0,0.3,36.3,2.5
2,01/01/2020 12:36:53 AM,01/01/2020 12:53:05 AM,1,1.95,1,N,234,48,1,11.5,0.5,0.5,4,0,0.3,19.3,2.5
1,01/01/2020 12:20:19 AM,01/01/2020 12:29:09 AM,2,0.5,1,N,161,161,2,7,3,0.5,0,0,0.3,10.8,2.5
1,01/01/2020 12:32:54 AM,01/01/2020 12:36:49 AM,2,0.4,1,N,162,229,1,4.5,3,0.5,1.25,0,0.3,9.55,2.5
2,01/01/2020 12:11:55 AM,01/01/2020 12:23:54 AM,4,0.87,1,N,48,186,2,8.5,0.5,0.5,0,0,0.3,12.3,2.5
2,01/01/2020 12:38:01 AM,01/01/2020 12:56:10 AM,1,2.46,1,N,164,144,1,13,0.5,0.5,3.36,0,0.3,20.16,2.5
2,01/01/2020 12:57:28 AM,01/01/2020 01:08:32 AM,1,1.42,1,N,144,79,1,8.5,0.5,0.5,2.46,0,0.3,14.76,2.5
1,01/01/2020 12:12:20 AM,01/01/2020 12:25:43 AM,2,1.8,1,N,161,43,1,10.5,3,0.5,2.85,0,0.3,17.15,2.5
1,01/01/2020 12:28:10 AM,01/01/2020 12:36:58 AM,2,1.5,1,N,43,262,2,8,3,0.5,0,0,0.3,11.8,2.5
1,01/01/2020 12:41:58 AM,01/01/2020 12:45:07 AM,3,0.8,1,N,263,141,2,4.5,3,0.5,0,0,0.3,8.3,2.5
1,01/01/2020 12:48:06 AM,01/01/2020 12:52:12 AM,2,0.7,1,N,236,263,1,5,3,0.5,1.75,0,0.3,10.55,2.5
1,01/01/2020 12:58:45 AM,01/01/2020 01:22:12 AM,2,5.4,1,N,263,249,1,20.5,3,0.5,7.25,0,0.3,31.55,2.5
2,01/01/2020 12:18:58 AM,01/01/2020 12:39:24 AM,1,1.65,1,N,114,164,2,13.5,0.5,0.5,0,0,0.3,17.3,2.5
2,01/01/2020 12:52:48 AM,01/01/2020 01:08:42 AM,1,2.09,1,N,164,144,2,11.5,0.5,0.5,0,0,0.3,15.3,2.5
1,01/01/2020 12:20:34 AM,01/01/2020 12:51:04 AM,3,2.9,1,N,237,68,2,19.5,3,0.5,0,0,0.3,23.3,2.5
1,01/01/2020 12:58:55 AM,01/01/2020 01:16:44 AM,1,2.4,1,N,68,142,1,13,3,0.5,3.35,0,0.3,20.15,2.5
2,01/01/2020 12:13:20 AM,01/01/2020 12:16:40 AM,1,0.93,1,N,137,79,1,5,0.5,0.5,1.76,0,0.3,10.56,2.5
2,01/01/2020 12:19:20 AM,01/01/2020 12:29:28 AM,1,1.05,1,N,79,114,2,7.5,0.5,0.5,0,0,0.3,11.3,2.5
2,01/01/2020 12:40:54 AM,01/01/2020 12:52:38 AM,1,1.66,1,N,113,137,1,9,0.5,0.5,2.56,0,0.3,15.36,2.5
2,01/01/2020 12:54:18 AM,01/01/2020 12:59:26 AM,1,0.67,1,N,233,170,1,5.5,0.5,0.5,1.86,0,0.3,11.16,2.5
2,01/01/2020 12:48:18 AM,01/01/2020 12:59:22 AM,1,1.56,1,N,79,68,1,9,0.5,0.5,2,0,0.3,14.8,2.5
2,01/01/2020 12:15:39 AM,01/01/2020 12:21:18 AM,1,1.28,1,N,263,141,1,6,0.5,0.5,1.96,0,0.3,11.76,2.5
2,01/01/2020 12:51:07 AM,01/01/2020 01:05:42 AM,1,1.82,1,N,249,231,1,10,0.5,0.5,2.76,0,0.3,16.56,2.5
2,01/01/2020 12:18:46 AM,01/01/2020 12:24:54 AM,1,2.04,1,N,43,142,1,7.5,0.5,0.5,2.82,0,0.3,14.12,2.5
2,01/01/2020 12:26:03 AM,01/01/2020 12:30:36 AM,1,0.86,1,N,142,239,1,5.5,0.5,0.5,1.86,0,0.3,11.16,2.5
2,01/01/2020 12:31:31 AM,01/01/2020 01:04:02 AM,1,4.53,1,N,239,107,2,21.5,0.5,0.5,0,0,0.3,25.3,2.5
1,01/01/2020 12:22:14 AM,01/01/2020 12:34:53 AM,0,0.9,1,N,43,161,1,9,3,0.5,2.55,0,0.3,15.35,2.5
2,01/01/2020 12:20:00 AM,01/01/2020 12:28:05 AM,2,1.02,1,N,170,234,1,7,0.5,0.5,2.7,0,0.3,13.5,2.5
2,01/01/2020 12:33:06 AM,01/01/2020 12:46:07 AM,2,1.1,1,N,234,164,1,9,0.5,0.5,0.64,0,0.3,13.44,2.5
2,01/01/2020 12:55:20 AM,01/01/2020 01:14:56 AM,2,1.55,1,N,186,50,1,12.5,0.5,0.5,2,0,0.3,18.3,2.5
2,01/01/2020 12:23:23 AM,01/01/2020 01:01:13 AM,2,5.03,1,N,161,42,1,25.5,0.5,0.5,7.33,0,0.3,36.63,2.5
1,01/01/2020 12:17:49 AM,01/01/2020 12:24:15 AM,1,0.9,1,N,114,144,1,6,3,0.5,1.95,0,0.3,11.75,2.5
1,01/01/2020 12:31:07 AM,01/01/2020 12:39:07 AM,1,1.4,1,N,114,231,1,7,3,0.5,1,0,0.3,11.8,2.5
1,01/01/2020 12:39:39 AM,01/01/2020 12:58:21 AM,2,3,1,N,231,68,1,14.5,3,0.5,5,0,0.3,23.3,2.5
1,01/01/2020 12:59:30 AM,01/01/2020 01:44:51 AM,2,7,1,N,186,181,1,31.5,3,0.5,8.25,6.12,0.3,49.67,2.5
1,01/01/2020 12:43:49 AM,01/01/2020 01:04:04 AM,1,1.6,1,N,170,90,1,13,3,0.5,3.35,0,0.3,20.15,2.5
1,01/01/2020 12:13:28 AM,01/01/2020 12:27:43 AM,1,3.3,1,N,249,87,1,13,3,0.5,1.2,0,0.3,18,2.5
1,01/01/2020 12:34:33 AM,01/01/2020 12:41:56 AM,1,3.3,1,N,209,224,1,11,3,0.5,4.4,0,0.3,19.2,2.5
1,01/01/2020 12:53:39 AM,01/01/2020 01:16:57 AM,1,2.2,1,N,79,232,1,15,3,0.5,3.75,0,0.3,22.55,2.5
1,01/01/2020 12:37:22 AM,01/01/2020 12:41:08 AM,2,1,1,N,229,141,1,5,3,0.5,1.32,0,0.3,10.12,2.5
1,01/01/2020 12:46:15 AM,01/01/2020 01:09:28 AM,4,2.9,1,N,237,137,2,15.5,3,0.5,0,0,0.3,19.3,2.5
2,01/01/2020 12:14:42 AM,01/01/2020 12:23:07 AM,4,1.61,1,N,142,239,1,8,0.5,0.5,2.95,0,0.3,14.75,2.5
2,01/01/2020 12:25:34 AM,01/01/2020 12:31:49 AM,3,1.08,1,N,239,142,1,6,0.5,0.5,2.45,0,0.3,12.25,2.5
2,01/01/2020 12:35:29 AM,01/01/2020 12:58:02 AM,3,4.19,1,N,142,158,2,17,0.5,0.5,0,0,0.3,20.8,2.5
2,01/01/2020 12:13:48 AM,01/01/2020 12:21:18 AM,1,1.55,1,N,79,231,1,7.5,0.5,0.5,2.26,0,0.3,13.56,2.5
2,01/01/2020 12:26:42 AM,01/01/2020 12:37:51 AM,1,2.09,1,N,231,79,1,10,0.5,0.5,3.45,0,0.3,17.25,2.5
2,01/01/2020 12:39:10 AM,01/01/2020 12:54:33 AM,1,3.33,1,N,79,256,1,14,0.5,0.5,3.56,0,0.3,21.36,2.5
2,01/01/2020 12:29:11 AM,01/01/2020 01:03:36 AM,1,9.88,1,N,239,33,1,33.5,0.5,0.5,7.46,0,0.3,44.76,2.5
2,01/01/2020 12:26:19 AM,01/01/2020 12:27:49 AM,1,0.2,1,N,161,163,2,3,0.5,0.5,0,0,0.3,6.8,2.5
2,01/01/2020 12:32:23 AM,01/01/2020 12:56:45 AM,1,3.71,1,N,43,148,1,17.5,0.5,0.5,4.26,0,0.3,25.56,2.5
1,01/01/2020 12:57:05 AM,01/01/2020 01:12:08 AM,1,2.6,1,N,237,107,1,12,3,0.5,3.15,0,0.3,18.95,2.5
2,01/01/2020 12:34:33 AM,01/01/2020 12:44:49 AM,1,2.48,1,N,42,236,1,10.5,0.5,0.5,1.5,0,0.3,15.8,2.5
2,01/01/2020 12:27:01 AM,01/01/2020 12:33:54 AM,1,1.4,1,N,113,231,2,6.5,0.5,0.5,0,0,0.3,10.3,2.5
2,01/01/2020 12:35:48 AM,01/01/2020 12:56:11 AM,1,5.39,1,N,231,80,1,18.5,0.5,0.5,4.46,0,0.3,26.76,2.5
2,01/01/2020 12:18:25 AM,01/01/2020 12:22:04 AM,1,1.02,1,N,238,166,2,5,0.5,0.5,0,0,0.3,8.8,2.5
2,01/01/2020 12:26:40 AM,01/01/2020 12:31:42 AM,2,1.73,1,N,151,143,1,7,0.5,0.5,2.16,0,0.3,12.96,2.5
2,01/01/2020 12:33:18 AM,01/01/2020 12:37:13 AM,1,1.05,1,N,143,238,1,5.5,0.5,0.5,0.7,0,0.3,10,2.5
2,01/01/2020 12:40:41 AM,01/01/2020 12:52:43 AM,2,1.85,1,N,238,75,1,10,0.5,0.5,0.7,0,0.3,12,0
1,01/01/2020 12:21:56 AM,01/01/2020 12:28:24 AM,1,1.9,1,N,162,236,1,7.5,3,0.5,3.5,0,0.3,14.8,2.5
1,01/01/2020 12:35:34 AM,01/01/2020 12:41:13 AM,4,1.2,1,N,237,229,2,6.5,3,0.5,0,0,0.3,10.3,2.5
1,01/01/2020 12:48:21 AM,01/01/2020 01:21:50 AM,4,3,1,N,229,48,2,20.5,3,0.5,0,0,0.3,24.3,2.5
2,01/01/2020 12:53:29 AM,01/01/2020 01:11:22 AM,1,8.88,1,N,132,95,1,26,0.5,0.5,4.02,0,0.3,31.32,0
2,01/01/2020 12:21:56 AM,01/01/2020 12:25:13 AM,1,0.68,1,N,263,236,1,4.5,0.5,0.5,1.88,0,0.3,10.18,2.5
2,01/01/2020 12:33:05 AM,01/01/2020 12:43:34 AM,1,1.78,1,N,263,238,2,9.5,0.5,0.5,0,0,0.3,13.3,2.5
2,01/01/2020 12:46:46 AM,01/01/2020 12:49:17 AM,1,0.62,1,N,238,239,1,4.5,0.5,0.5,1,0,0.3,9.3,2.5
2,01/01/2020 12:50:32 AM,01/01/2020 12:57:06 AM,1,1.6,1,N,239,236,2,7.5,0.5,0.5,0,0,0.3,11.3,2.5
2,01/01/2020 12:06:35 AM,01/01/2020 12:12:09 AM,1,1.53,1,N,237,229,1,7,0.5,0.5,10.8,0,0.3,21.6,2.5
2,01/01/2020 12:18:29 AM,01/01/2020 12:25:59 AM,1,1.3,1,N,229,164,2,7,0.5,0.5,0,0,0.3,10.8,2.5
2,01/01/2020 12:43:46 AM,01/01/2020 01:08:45 AM,1,2.51,1,N,163,90,2,16.5,0.5,0.5,0,0,0.3,20.3,2.5
1,01/01/2020 12:10:42 AM,01/01/2020 12:14:47 AM,1,0.8,1,N,262,236,2,5,3,0.5,0,0,0.3,8.8,2.5
1,01/01/2020 12:17:05 AM,01/01/2020 12:26:06 AM,0,1.8,1,N,236,239,2,8.5,3,0.5,0,0,0.3,12.3,2.5
1,01/01/2020 12:26:49 AM,01/01/2020 12:30:13 AM,1,0.3,1,N,239,239,1,4,3,0.5,1.56,0,0.3,9.36,2.5
1,01/01/2020 12:31:24 AM,01/01/2020 12:38:10 AM,0,1.2,1,N,239,236,1,7,3,0.5,2.15,0,0.3,12.95,2.5
1,01/01/2020 12:42:58 AM,01/01/2020 12:56:06 AM,1,2.7,1,N,237,137,2,11,3,0.5,0,0,0.3,14.8,2.5
2,01/01/2020 12:14:51 AM,01/01/2020 12:18:30 AM,1,0.72,1,N,239,238,1,5,0.5,0.5,1.76,0,0.3,10.56,2.5
2,01/01/2020 12:22:37 AM,01/01/2020 12:32:57 AM,1,6.37,1,N,151,243,2,19,0.5,0.5,0,0,0.3,20.3,0
2,01/01/2020 12:55:30 AM,01/01/2020 01:07:21 AM,1,2.46,1,N,238,141,1,10.5,0.5,0.5,2.86,0,0.3,17.16,2.5
2,01/01/2020 12:38:57 AM,01/01/2020 01:04:13 AM,1,6.84,1,N,157,107,2,23.5,0.5,0.5,0,0,0.3,27.3,2.5
2,01/01/2020 12:31:38 AM,01/01/2020 12:40:44 AM,1,1.61,1,N,116,41,2,8.5,0.5,0.5,0,0,0.3,9.8,0
2,01/01/2020 12:42:46 AM,01/01/2020 01:08:29 AM,1,6.77,1,N,41,79,1,24,0.5,0.5,8.34,0,0.3,36.14,2.5
1,01/01/2020 12:17:36 AM,01/01/2020 12:28:34 AM,2,3.2,1,N,262,166,1,11,3,0.5,3.7,0,0.3,18.5,2.5
1,01/01/2020 12:32:27 AM,01/01/2020 12:40:55 AM,3,1.3,1,N,166,238,1,8,3,0.5,2.36,0,0.3,14.16,2.5
1,01/01/2020 12:49:07 AM,01/01/2020 12:58:34 AM,1,1.7,1,N,238,263,2,8.5,3,0.5,0,0,0.3,12.3,2.5
1,01/01/2020 12:16:09 AM,01/01/2020 12:51:16 AM,1,1.6,1,Y,48,186,2,20,3,0.5,0,0,0.3,23.8,2.5
2,01/01/2020 12:25:47 AM,01/01/2020 12:52:59 AM,1,7.37,1,N,137,129,2,24.5,0.5,0.5,0,0,0.3,28.3,2.5
1,01/01/2020 12:10:12 AM,01/01/2020 12:17:50 AM,1,0.8,1,N,90,246,1,6.5,3,0.5,0.8,0,0.3,11.1,2.5
1,01/01/2020 12:32:02 AM,01/01/2020 01:02:05 AM,2,3,1,N,107,50,2,19,3,0.5,0,0,0.3,22.8,2.5
1,01/01/2020 12:42:21 AM,01/01/2020 12:47:25 AM,0,1.3,1,N,237,236,1,6,3,0.5,1.5,0,0.3,11.3,2.5
1,01/01/2020 12:50:58 AM,01/01/2020 12:52:11 AM,0,0.3,1,N,236,236,1,3,3,0.5,1.02,0,0.3,7.82,2.5
1,01/01/2020 12:28:12 AM,01/01/2020 12:52:45 AM,1,2.8,1,N,148,68,1,16.5,3,0.5,4.05,0,0.3,24.35,2.5
1,01/01/2020 12:03:28 AM,01/01/2020 12:07:29 AM,1,1.2,1,N,238,166,2,5.5,3,0.5,0,0,0.3,9.3,2.5
1,01/01/2020 12:17:53 AM,01/01/2020 12:22:47 AM,1,0.8,1,Y,238,239,1,5.5,3,0.5,1.85,0,0.3,11.15,2.5
1,01/01/2020 12:26:32 AM,01/01/2020 12:30:14 AM,1,0.6,1,N,239,239,1,5,3,0.5,0.88,0,0.3,9.68,2.5
1,01/01/2020 12:39:12 AM,01/01/2020 12:52:10 AM,1,6.2,1,N,239,243,1,19,3,0.5,15,0,0.3,37.8,2.5
2,01/01/2020 12:20:34 AM,01/01/2020 12:28:35 AM,1,1.21,1,N,236,140,1,7.5,0.5,0.5,1,0,0.3,12.3,2.5
2,01/01/2020 12:42:43 AM,01/01/2020 01:06:32 AM,1,7.09,1,N,161,138,2,24,0.5,0.5,0,0,0.3,27.8,2.5
1,01/01/2020 12:16:28 AM,01/01/2020 12:20:32 AM,1,0.6,1,N,79,79,1,5,3,0.5,1.75,0,0.3,10.55,2.5
1,01/01/2020 12:28:36 AM,01/01/2020 12:46:21 AM,1,4.3,1,N,79,262,1,16,3,0.5,4.95,0,0.3,24.75,2.5
2,01/01/2020 12:25:37 AM,01/01/2020 12:29:50 AM,1,0.78,1,N,113,144,1,5,0.5,0.5,4,0,0.3,12.8,2.5
2,01/01/2020 12:33:58 AM,01/01/2020 12:42:32 AM,1,1.23,1,N,79,90,1,7.5,0.5,0.5,1.13,0,0.3,12.43,2.5
2,01/01/2020 12:20:46 AM,01/01/2020 12:31:33 AM,2,2.11,1,N,43,41,1,10,0.5,0.5,2.76,0,0.3,16.56,2.5
2,01/01/2020 12:32:57 AM,01/01/2020 12:37:43 AM,1,0.63,1,N,41,151,2,5,0.5,0.5,0,0,0.3,6.3,0
2,01/01/2020 12:38:30 AM,01/01/2020 01:08:56 AM,1,2.54,1,N,238,48,1,20,0.5,0.5,0,0,0.3,23.8,2.5
2,01/01/2020 12:07:24 AM,01/01/2020 12:11:12 AM,1,0.65,1,N,263,263,2,5,0.5,0.5,0,0,0.3,8.8,2.5
2,01/01/2020 12:12:44 AM,01/01/2020 12:18:45 AM,1,1.41,1,N,263,140,1,7,0.5,0.5,2.16,0,0.3,12.96,2.5
2,01/01/2020 12:21:18 AM,01/01/2020 12:23:39 AM,1,0.87,1,N,141,263,1,4.5,0.5,0.5,1.66,0,0.3,9.96,2.5
2,01/01/2020 12:25:53 AM,01/01/2020 12:27:06 AM,1,0.5,1,N,263,263,1,3.5,0.5,0.5,1.46,0,0.3,8.76,2.5
2,01/01/2020 12:29:44 AM,01/01/2020 12:37:58 AM,1,4.17,1,N,75,107,1,13,0.5,0.5,3.36,0,0.3,20.16,2.5
2,01/01/2020 12:49:46 AM,01/01/2020 01:06:13 AM,1,2.75,1,N,107,140,1,12.5,0.5,0.5,4.89,0,0.3,21.19,2.5
2,01/01/2020 12:17:30 AM,01/01/2020 12:38:29 AM,1,1.72,1,N,79,234,1,13.5,0.5,0.5,2.7,0,0.3,20,2.5
2,01/01/2020 12:55:25 AM,01/01/2020 01:27:07 AM,1,11.05,1,N,249,22,2,34.5,0.5,0.5,0,0,0.3,38.3,2.5
1,01/01/2020 12:13:26 AM,01/01/2020 12:22:28 AM,1,1.2,1,N,148,231,1,7.5,3,0.5,2.25,0,0.3,13.55,2.5
1,01/01/2020 12:27:41 AM,01/01/2020 12:40:37 AM,2,2,1,N,231,79,1,10.5,3,0.5,2.85,0,0.3,17.15,2.5
1,01/01/2020 12:42:43 AM,01/01/2020 12:52:26 AM,2,1.4,1,N,79,234,1,8,3,0.5,2.36,0,0.3,14.16,2.5
1,01/01/2020 12:55:20 AM,01/01/2020 01:05:39 AM,2,1.7,1,N,234,144,1,8.5,3,0.5,2.45,0,0.3,14.75,2.5
1,01/01/2020 12:13:48 AM,01/01/2020 12:22:34 AM,2,0.9,1,N,79,137,1,7,3,0.5,2.15,0,0.3,12.95,2.5
1,01/01/2020 12:05:43 AM,01/01/2020 12:10:04 AM,1,0.7,1,N,143,48,2,5,3,0.5,0,0,0.3,8.8,2.5
1,01/01/2020 12:13:03 AM,01/01/2020 12:19:06 AM,1,0.6,1,N,48,50,2,5.5,3,0.5,0,0,0.3,9.3,2.5
1,01/01/2020 12:41:17 AM,01/01/2020 01:21:52 AM,1,2.5,1,N,48,233,1,23,3,0.5,4,0,0.3,30.8,2.5
1,01/01/2020 12:09:43 AM,01/01/2020 12:21:58 AM,2,3.6,1,N,162,7,1,13,3,0.5,1,0,0.3,17.8,2.5
1,01/01/2020 12:50:14 AM,01/01/2020 01:03:09 AM,2,1,1,N,162,170,1,9,3,0.5,2.55,0,0.3,15.35,2.5
2,01/01/2020 12:42:17 AM,01/01/2020 01:04:51 AM,1,2.92,1,N,68,79,2,15.5,0.5,0.5,0,0,0.3,19.3,2.5
2,01/01/2020 12:10:50 AM,01/01/2020 12:20:53 AM,4,1.32,1,N,164,162,2,5.5,0.5,0.5,0,0,0.3,9.3,2.5
2,01/01/2020 12:32:47 AM,01/01/2020 12:38:56 AM,2,0.74,1,N,170,229,1,5.5,0.5,0.5,1.86,0,0.3,11.16,2.5
2,01/01/2020 12:40:06 AM,01/01/2020 12:54:25 AM,2,3.48,1,N,229,7,1,13.5,0.5,0.5,3.46,0,0.3,20.76,2.5
2,01/01/2020 12:19:41 AM,01/01/2020 12:36:11 AM,1,1.46,1,N,170,161,2,11.5,0.5,0.5,0,0,0.3,15.3,2.5
2,01/01/2020 12:38:02 AM,01/01/2020 12:51:45 AM,1,3.11,1,N,161,75,1,12.5,0.5,0.5,3.26,0,0.3,19.56,2.5
2,01/01/2020 12:57:30 AM,01/01/2020 01:19:12 AM,1,6.54,1,N,263,211,1,22,0.5,0.5,0.06,0,0.3,25.86,2.5
2,01/01/2020 12:57:14 AM,01/01/2020 01:09:41 AM,1,4.62,1,N,88,170,2,15.5,0.5,0.5,0,0,0.3,19.3,2.5
1,01/01/2020 12:07:09 AM,01/01/2020 12:18:29 AM,1,1.1,1,N,211,234,1,8,3,0.5,2,0,0.3,13.8,2.5
2,01/01/2020 12:22:33 AM,01/01/2020 12:36:07 AM,1,2.21,1,N,237,137,2,11,0.5,0.5,0,0,0.3,14.8,2.5
2,01/01/2020 12:42:54 AM,01/01/2020 12:53:17 AM,1,1.31,1,N,79,90,1,8,0.5,0.5,5.08,0,0.3,16.88,2.5
2,01/01/2020 12:55:53 AM,01/01/2020 01:05:59 AM,1,0.95,1,N,234,107,1,8,0.5,0.5,1.18,0,0.3,12.98,2.5
2,01/01/2020 12:12:42 AM,01/01/2020 12:19:03 AM,2,0.87,1,N,239,238,1,6,0.5,0.5,1.96,0,0.3,11.76,2.5
2,01/01/2020 12:20:21 AM,01/01/2020 12:27:05 AM,2,0.99,1,N,238,142,1,6.5,0.5,0.5,1.5,0,0.3,11.8,2.5
2,01/01/2020 12:28:26 AM,01/01/2020 12:44:26 AM,2,2.74,1,N,43,137,1,12,0.5,0.5,3.16,0,0.3,18.96,2.5
1,01/01/2020 12:15:32 AM,01/01/2020 12:26:40 AM,1,1.7,1,N,239,141,1,9.5,3,0.5,2.65,0,0.3,15.95,2.5
1,01/01/2020 12:28:52 AM,01/01/2020 12:31:28 AM,1,0.5,1,N,262,262,1,4,3,0.5,1.55,0,0.3,9.35,2.5
1,01/01/2020 12:33:37 AM,01/01/2020 12:39:13 AM,4,1,1,N,262,236,1,6,3,0.5,1,0,0.3,10.8,2.5
1,01/01/2020 12:42:47 AM,01/01/2020 12:52:39 AM,2,2,1,N,43,24,1,9,3,0.5,2,0,0.3,14.8,2.5
1,01/01/2020 12:54:45 AM,01/01/2020 01:08:59 AM,1,2.3,1,N,166,116,1,11.5,0.5,0.5,2.55,0,0.3,15.35,0
2,01/01/2020 12:08:51 AM,01/01/2020 12:14:00 AM,1,0.7,1,N,164,170,1,5,0.5,0.5,1.76,0,0.3,10.56,2.5
2,01/01/2020 12:27:01 AM,01/01/2020 12:49:04 AM,1,3.64,1,N,164,87,2,16,0.5,0.5,0,0,0.3,19.8,2.5
2,01/01/2020 12:49:54 AM,01/01/2020 01:04:04 AM,1,4.03,1,N,87,107,1,15,0.5,0.5,3.76,0,0.3,22.56,2.5
1,01/01/2020 12:23:10 AM,01/01/2020 12:29:58 AM,1,1.4,1,N,43,43,1,7,3,0.5,2.15,0,0.3,12.95,2.5
1,01/01/2020 12:43:02 AM,01/01/2020 12:59:51 AM,4,4.2,1,N,239,116,1,15,3,0.5,4.7,0,0.3,23.5,2.5
2,01/01/2020 12:37:22 AM,01/01/2020 01:10:21 AM,2,5.33,1,N,211,48,1,24.5,0.5,0.5,4,0,0.3,32.3,2.5
1,01/01/2020 12:44:35 AM,01/01/2020 01:16:02 AM,1,0,1,N,17,108,1,39.2,0,0.5,0,0,0.3,40,0
2,01/01/2020 12:22:42 AM,01/01/2020 12:29:21 AM,1,1.29,1,N,142,50,1,7,0.5,0.5,2.16,0,0.3,12.96,2.5
2,01/01/2020 12:38:34 AM,01/01/2020 12:56:55 AM,1,4.49,1,N,48,151,2,17,0.5,0.5,0,0,0.3,20.8,2.5
1,01/01/2020 12:02:57 AM,01/01/2020 12:35:52 AM,2,17.2,2,N,132,68,1,52,2.5,0.5,18.4,6.12,0.3,79.82,2.5
1,01/01/2020 12:23:27 AM,01/01/2020 12:31:55 AM,2,1.6,1,N,163,140,1,8,3,0.5,2.35,0,0.3,14.15,2.5
1,01/01/2020 12:34:30 AM,01/01/2020 12:49:49 AM,2,2.7,1,N,140,142,1,12.5,3,0.5,4.05,0,0.3,20.35,2.5
1,01/01/2020 12:53:01 AM,01/01/2020 12:58:47 AM,0,1,1,N,142,142,2,6,3,0.5,0,0,0.3,9.8,2.5
1,01/01/2020 12:59:41 AM,01/01/2020 01:21:32 AM,1,3.1,1,N,142,233,2,15.5,3,0.5,0,0,0.3,19.3,2.5
1,01/01/2020 12:06:36 AM,01/01/2020 12:10:32 AM,1,0.7,1,N,79,79,1,4.5,3,0.5,1.65,0,0.3,9.95,2.5
1,01/01/2020 12:23:16 AM,01/01/2020 01:01:30 AM,1,4.5,1,N,113,142,1,23.5,3,0.5,6.8,0,0.3,34.1,2.5
2,01/01/2020 12:07:15 AM,01/01/2020 12:13:01 AM,2,1.44,1,N,209,148,1,7,0.5,0.5,2,0,0.3,12.8,2.5
2,01/01/2020 12:14:46 AM,01/01/2020 12:22:00 AM,2,1.17,1,N,148,114,1,6.5,0.5,0.5,1.24,0,0.3,11.54,2.5
2,01/01/2020 12:23:40 AM,01/01/2020 12:29:20 AM,2,0.64,1,N,113,234,1,5.5,0.5,0.5,1.4,0,0.3,10.7,2.5
2,01/01/2020 12:31:22 AM,01/01/2020 12:51:34 AM,2,2.16,1,N,90,79,1,13.5,0.5,0.5,3,0,0.3,20.3,2.5
2,01/01/2020 12:53:28 AM,01/01/2020 01:13:20 AM,1,6.56,1,N,79,229,1,21,0.5,0.5,4.96,0,0.3,29.76,2.5
2,01/01/2020 12:10:11 AM,01/01/2020 12:16:01 AM,2,2.51,1,N,137,262,1,8.5,0.5,0.5,3.69,0,0.3,15.99,2.5
2,01/01/2020 12:28:14 AM,01/01/2020 12:31:26 AM,2,0.85,1,N,236,75,1,5,0.5,0.5,0.97,0,0.3,9.77,2.5
2,01/01/2020 12:35:34 AM,01/01/2020 12:40:23 AM,2,1.73,1,N,236,141,1,7,0.5,0.5,2,0,0.3,12.8,2.5
2,01/01/2020 12:44:55 AM,01/01/2020 01:04:09 AM,2,3.05,1,N,237,186,1,14,0.5,0.5,3.56,0,0.3,21.36,2.5
1,01/01/2020 12:08:26 AM,01/01/2020 12:41:34 AM,1,8.2,1,N,236,173,2,28,3,0.5,0,0,0.3,31.8,2.5
1,01/01/2020 12:47:49 AM,01/01/2020 12:54:00 AM,1,0.9,1,N,129,82,2,6,0.5,0.5,0,0,0.3,7.3,0
2,01/01/2020 12:36:31 AM,01/01/2020 12:37:23 AM,3,0.18,1,N,141,141,3,-3,-0.5,-0.5,0,0,-0.3,-6.8,-2.5
2,01/01/2020 12:36:31 AM,01/01/2020 12:37:23 AM,3,0.18,1,N,141,141,2,3,0.5,0.5,0,0,0.3,6.8,2.5
1,01/01/2020 12:14:12 AM,01/01/2020 12:17:00 AM,1,0.6,1,N,170,233,3,4,3,0.5,0,0,0.3,7.8,2.5
1,01/01/2020 12:19:03 AM,01/01/2020 12:30:45 AM,1,1.6,1,N,233,100,1,9.5,3,0.5,2,0,0.3,15.3,2.5
1,01/01/2020 12:39:21 AM,01/01/2020 01:06:54 AM,1,3.8,1,N,246,238,1,19.5,3,0.5,5.8,0,0.3,29.1,2.5
2,01/01/2020 12:06:22 AM,01/01/2020 12:22:44 AM,1,1.22,1,N,79,114,2,10,0.5,0.5,0,0,0.3,13.8,2.5
2,01/01/2020 12:26:15 AM,01/01/2020 12:28:42 AM,1,0.46,1,N,114,234,2,4,0.5,0.5,0,0,0.3,7.8,2.5
2,01/01/2020 12:48:34 AM,01/01/2020 12:53:17 AM,1,0.83,1,N,234,114,2,5.5,0.5,0.5,0,0,0.3,9.3,2.5
2,01/01/2020 12:54:29 AM,01/01/2020 01:02:30 AM,1,1.51,1,N,79,90,1,7.5,0.5,0.5,2.26,0,0.3,13.56,2.5
2,01/01/2020 12:45:50 AM,01/01/2020 01:08:37 AM,2,2.63,1,N,229,143,1,15,0.5,0.5,3.38,0,0.3,22.18,2.5
2,01/01/2020 12:23:15 AM,01/01/2020 12:23:54 AM,2,0.09,1,N,114,114,3,-2.5,-0.5,-0.5,0,0,-0.3,-6.3,-2.5
2,01/01/2020 12:23:15 AM,01/01/2020 12:23:54 AM,2,0.09,1,N,114,114,2,2.5,0.5,0.5,0,0,0.3,6.3,2.5
2,01/01/2020 12:33:17 AM,01/01/2020 12:47:49 AM,2,1.7,1,N,114,4,1,10.5,0.5,0.5,2.86,0,0.3,17.16,2.5
2,01/01/2020 12:52:30 AM,01/01/2020 01:04:20 AM,2,1.63,1,N,4,137,1,9,0.5,0.5,2.56,0,0.3,15.36,2.5
1,01/01/2020 12:10:41 AM,01/01/2020 12:44:01 AM,2,4.4,1,N,125,237,1,22,3,0.5,5.15,0,0.3,30.95,2.5
2,01/01/2020 12:12:21 AM,01/01/2020 12:38:02 AM,1,3,1,N,68,48,2,15.5,0.5,0.5,0,0,0.3,19.3,2.5
2,01/01/2020 12:39:09 AM,01/01/2020 12:44:52 AM,1,1.18,1,N,239,238,1,6.5,0.5,0.5,2.06,0,0.3,12.36,2.5
2,01/01/2020 12:49:43 AM,01/01/2020 01:09:42 AM,3,5.82,1,N,151,137,2,20,0.5,0.5,0,0,0.3,23.8,2.5
2,01/01/2020 12:34:24 AM,01/01/2020 01:19:17 AM,5,4.22,1,N,246,236,1,27.5,0.5,0.5,6.26,0,0.3,37.56,2.5
1,01/01/2020 12:14:21 AM,01/01/2020 12:25:24 AM,2,3.6,1,N,138,92,2,13,0.5,0.5,0,0,0.3,14.3,0
1,01/01/2020 12:39:23 AM,01/01/2020 01:29:31 AM,2,22.8,1,N,138,260,1,66.5,0.5,0.5,2.22,0,0.3,70.02,0
2,01/01/2020 12:16:46 AM,01/01/2020 12:26:12 AM,1,1.91,1,N,48,238,2,9,0.5,0.5,0,0,0.3,12.8,2.5
2,01/01/2020 12:27:01 AM,01/01/2020 12:30:16 AM,1,1.07,1,N,238,24,1,5,0.5,0.5,1.76,0,0.3,10.56,2.5
2,01/01/2020 12:33:28 AM,01/01/2020 12:41:39 AM,1,2.71,1,N,24,142,2,9.5,0.5,0.5,0,0,0.3,13.3,2.5
2,01/01/2020 12:43:37 AM,01/01/2020 12:50:52 AM,1,1.64,1,N,43,43,2,8,0.5,0.5,0,0,0.3,11.8,2.5
2,01/01/2020 12:55:49 AM,01/01/2020 01:00:40 AM,1,1.05,1,N,239,238,1,6,0.5,0.5,1.96,0,0.3,11.76,2.5
1,01/01/2020 12:24:43 AM,01/01/2020 12:30:03 AM,1,1.6,1,N,236,229,1,6.5,3,0.5,2.06,0,0.3,12.36,2.5
1,01/01/2020 12:38:16 AM,01/01/2020 12:49:11 AM,3,1.6,1,N,236,239,1,9,3,0.5,3.8,0,0.3,16.6,2.5
1,01/01/2020 12:54:45 AM,01/01/2020 01:10:46 AM,1,3.3,1,N,239,229,1,13.5,3,0.5,3,0,0.3,20.3,2.5
2,01/01/2020 12:39:50 AM,01/01/2020 12:54:37 AM,1,2.17,1,N,107,125,1,11,0.5,0.5,1,0,0.3,15.8,2.5
1,01/01/2020 12:27:00 AM,01/01/2020 12:55:42 AM,2,3.7,1,N,249,142,1,18.5,3,0.5,5.55,0,0.3,27.85,2.5
1,01/01/2020 12:58:15 AM,01/01/2020 01:17:32 AM,1,4.4,1,N,143,244,1,16.5,3,0.5,4.05,0,0.3,24.35,2.5
1,01/01/2020 12:31:32 AM,01/01/2020 12:31:45 AM,1,0,2,N,236,43,3,52,2.5,0.5,0,0,0.3,55.3,2.5
1,01/01/2020 12:32:10 AM,01/01/2020 12:38:40 AM,2,1.6,1,N,43,142,1,7.5,3,0.5,1.2,0,0.3,12.5,2.5
1,01/01/2020 12:41:55 AM,01/01/2020 12:43:05 AM,1,0.4,1,N,143,239,2,3.5,3,0.5,0,0,0.3,7.3,2.5
1,01/01/2020 12:44:13 AM,01/01/2020 12:47:29 AM,0,1,1,N,239,238,1,5,3,0.5,0.88,0,0.3,9.68,2.5
1,01/01/2020 12:54:22 AM,01/01/2020 01:21:52 AM,2,5.1,1,N,239,224,1,21,3,0.5,4.95,0,0.3,29.75,2.5
2,01/01/2020 12:06:12 AM,01/01/2020 12:32:44 AM,1,4.8,1,N,229,24,1,20.5,0.5,0.5,7.29,0,0.3,31.59,2.5
2,01/01/2020 12:43:43 AM,01/01/2020 12:47:56 AM,1,0.67,1,N,238,238,2,5,0.5,0.5,0,0,0.3,8.8,2.5
2,01/01/2020 12:49:45 AM,01/01/2020 12:54:12 AM,1,0.86,1,N,238,239,1,5.5,0.5,0.5,1.86,0,0.3,11.16,2.5
2,01/01/2020 12:56:05 AM,01/01/2020 01:05:58 AM,1,2.26,1,N,239,75,1,10,0.5,0.5,2.76,0,0.3,16.56,2.5
1,01/01/2020 12:04:25 AM,01/01/2020 12:26:53 AM,1,17.1,2,N,132,170,1,52,2.5,0.5,12.25,6.12,0.3,73.67,2.5
1,01/01/2020 12:37:01 AM,01/01/2020 12:48:11 AM,1,2.7,1,N,229,238,1,11,3,0.5,3.7,0,0.3,18.5,2.5
1,01/01/2020 12:50:35 AM,01/01/2020 12:55:38 AM,3,0.6,1,N,238,43,1,5.5,3,0.5,1.85,0,0.3,11.15,2.5
1,01/01/2020 12:57:16 AM,01/01/2020 01:21:29 AM,2,4.9,1,N,43,249,1,20,3,0.5,4.75,0,0.3,28.55,2.5
1,01/01/2020 12:03:58 AM,01/01/2020 12:21:16 AM,1,2.3,1,N,249,170,1,12.5,3,0.5,3.25,0,0.3,19.55,2.5
1,01/01/2020 12:33:55 AM,01/01/2020 12:38:39 AM,1,0.5,1,N,107,170,2,5,3,0.5,0,0,0.3,8.8,2.5
1,01/01/2020 12:46:12 AM,01/01/2020 12:54:27 AM,1,0.7,1,N,234,170,1,6.5,3,0.5,2.05,0,0.3,12.35,2.5
2,01/01/2020 12:04:37 AM,01/01/2020 12:22:34 AM,5,3.37,1,N,79,161,1,14,0.5,0.5,3.56,0,0.3,21.36,2.5
2,01/01/2020 12:24:13 AM,01/01/2020 12:27:36 AM,6,0.43,1,N,161,162,2,4,0.5,0.5,0,0,0.3,7.8,2.5
2,01/01/2020 12:42:03 AM,01/01/2020 01:01:42 AM,6,3.72,1,N,161,43,1,15.5,0.5,0.5,4.82,0,0.3,24.12,2.5
1,01/01/2020 12:19:21 AM,01/01/2020 12:26:34 AM,1,0.8,1,N,211,114,2,6.5,3,0.5,0,0,0.3,10.3,2.5
1,01/01/2020 12:28:09 AM,01/01/2020 12:36:56 AM,3,1.3,1,N,114,232,1,8,3,0.5,2.35,0,0.3,14.15,2.5
1,01/01/2020 12:43:13 AM,01/01/2020 12:52:56 AM,1,1.9,1,N,148,209,1,9,3,0.5,2.56,0,0.3,15.36,2.5
1,01/01/2020 12:55:11 AM,01/01/2020 01:05:05 AM,3,2.2,1,N,87,158,1,9.5,3,0.5,1,0,0.3,14.3,2.5
1,01/01/2020 12:07:53 AM,01/01/2020 12:10:12 AM,1,0.6,1,Y,262,140,2,4,3,0.5,0,0,0.3,7.8,2.5
1,01/01/2020 12:24:12 AM,01/01/2020 12:32:24 AM,0,1.9,1,N,229,107,1,8,3,0.5,2.35,0,0.3,14.15,2.5
1,01/01/2020 12:35:22 AM,01/01/2020 12:50:02 AM,0,3.9,1,N,137,263,1,14,3,0.5,3,0,0.3,20.8,2.5
2,01/01/2020 04:37:37 AM,01/01/2020 04:37:43 AM,4,0,5,N,265,265,2,70,0,0,0,0,0.3,70.3,0
1,01/01/2020 12:53:38 AM,01/01/2020 01:02:09 AM,1,1.6,1,N,263,229,1,8,3,0.5,2.35,0,0.3,14.15,2.5
2,01/01/2020 12:19:30 AM,01/01/2020 12:33:40 AM,1,1.72,1,N,114,170,1,10.5,0.5,0.5,2.86,0,0.3,17.16,2.5
2,01/01/2020 12:41:01 AM,01/01/2020 12:50:36 AM,1,1.14,1,N,170,234,1,7.5,0.5,0.5,2.26,0,0.3,13.56,2.5
2,01/01/2020 12:52:05 AM,01/01/2020 01:32:00 AM,1,8.46,1,N,234,112,1,30,0.5,0.5,0,0,0.3,33.8,2.5
2,01/01/2020 12:54:46 AM,01/01/2020 01:06:33 AM,2,1.63,1,N,43,141,2,9.5,0.5,0.5,0,0,0.3,13.3,2.5
2,01/01/2020 12:27:46 AM,01/01/2020 12:40:19 AM,1,2.35,1,N,170,224,1,10,0.5,0.5,3.45,0,0.3,17.25,2.5
2,01/01/2020 12:58:08 AM,01/01/2020 01:07:12 AM,1,2.22,1,N,79,229,1,9,0.5,0.5,3.2,0,0.3,16,2.5
2,01/01/2020 12:46:03 AM,01/01/2020 12:53:25 AM,1,1.59,1,N,74,42,1,7.5,0.5,0.5,2.2,0,0.3,11,0
2,01/01/2020 12:13:52 AM,01/01/2020 12:44:18 AM,1,4.99,1,N,113,238,1,21.5,0.5,0.5,7.59,0,0.3,32.89,2.5
2,01/01/2020 12:47:54 AM,01/01/2020 12:53:21 AM,1,0.92,1,N,239,151,2,6,0.5,0.5,0,0,0.3,9.8,2.5
2,01/01/2020 12:57:47 AM,01/01/2020 01:02:12 AM,1,0.57,1,N,238,238,1,5,0.5,0.5,2.2,0,0.3,11,2.5
1,01/01/2020 12:35:44 AM,01/01/2020 12:52:41 AM,1,1.9,1,N,237,262,2,12.5,3,0.5,0,0,0.3,16.3,2.5
1,01/01/2020 12:56:42 AM,01/01/2020 01:03:56 AM,1,1.1,1,N,236,43,1,7,3,0.5,2.16,0,0.3,12.96,2.5
2,01/01/2020 12:33:42 AM,01/01/2020 12:38:58 AM,1,0.41,1,N,45,148,1,5,0.5,0.5,1.76,0,0.3,10.56,2.5
2,01/01/2020 12:08:25 AM,01/01/2020 12:14:30 AM,2,1.22,1,N,238,142,2,6.5,0.5,0.5,0,0,0.3,10.3,2.5
2,01/01/2020 12:17:40 AM,01/01/2020 12:31:59 AM,3,1.97,1,N,142,246,1,10.5,0.5,0.5,4.29,0,0.3,18.59,2.5
2,01/01/2020 12:52:36 AM,01/01/2020 01:09:04 AM,2,3.86,1,N,142,74,1,15,0.5,0.5,6,0,0.3,24.8,2.5
1,01/01/2020 12:32:36 AM,01/01/2020 12:45:17 AM,1,3,1,N,232,87,2,12,3,0.5,0,0,0.3,15.8,2.5
1,01/01/2020 12:48:19 AM,01/01/2020 01:01:58 AM,1,5.8,1,N,87,141,1,18,3,0.5,4,0,0.3,25.8,2.5
2,01/01/2020 12:23:24 AM,01/01/2020 12:35:19 AM,2,1.78,1,N,4,170,1,9,0.5,0.5,2.56,0,0.3,15.36,2.5
2,01/01/2020 12:41:00 AM,01/01/2020 01:00:20 AM,2,2.01,1,N,234,161,2,13.5,0.5,0.5,0,0,0.3,17.3,2.5
1,01/01/2020 12:08:36 AM,01/01/2020 12:20:38 AM,1,3.5,1,N,162,226,2,12.5,3,0.5,0,0,0.3,16.3,2.5
1,01/01/2020 12:36:42 AM,01/01/2020 12:44:26 AM,2,1.2,1,N,162,107,2,7,3,0.5,0,0,0.3,10.8,2.5
1,01/01/2020 12:47:17 AM,01/01/2020 12:54:11 AM,2,0.9,1,N,107,79,1,6.5,3,0.5,2.55,0,0.3,12.85,2.5
1,01/01/2020 12:58:32 AM,01/01/2020 01:10:19 AM,1,1.6,1,N,79,211,1,9.5,3,0.5,2.65,0,0.3,15.95,2.5
1,01/01/2020 12:12:49 AM,01/01/2020 12:38:01 AM,1,5.1,1,N,164,41,1,20,3,0.5,1.19,0,0.3,24.99,2.5
1,01/01/2020 12:51:08 AM,01/01/2020 12:56:56 AM,2,0.9,1,N,237,237,2,6,3,0.5,0,0,0.3,9.8,2.5
2,01/01/2020 12:19:02 AM,01/01/2020 12:22:20 AM,2,0.46,1,N,143,239,1,4,0.5,0.5,1.56,0,0.3,9.36,2.5
2,01/01/2020 12:23:32 AM,01/01/2020 12:42:10 AM,2,4.24,1,N,239,137,1,15.5,0.5,0.5,3.86,0,0.3,23.16,2.5
2,01/01/2020 12:50:26 AM,01/01/2020 01:22:33 AM,2,11.35,1,N,79,149,1,34.5,0.5,0.5,0,0,0.3,38.3,2.5
1,01/01/2020 12:25:20 AM,01/01/2020 12:42:02 AM,4,1.7,1,N,107,161,1,11.5,3,0.5,3.05,0,0.3,18.35,2.5
1,01/01/2020 12:43:09 AM,01/01/2020 12:48:14 AM,4,0.4,1,N,161,162,1,5,3,0.5,2,0,0.3,10.8,2.5
1,01/01/2020 12:57:37 AM,01/01/2020 01:08:12 AM,2,2.3,1,N,161,236,1,10,3,0.5,2.76,0,0.3,16.56,2.5
1,01/01/2020 12:23:04 AM,01/01/2020 12:49:58 AM,2,4.4,1,Y,144,263,1,19,3,0.5,4.55,0,0.3,27.35,2.5
1,01/01/2020 12:54:48 AM,01/01/2020 01:34:20 AM,2,7.7,1,N,263,136,2,28.5,3,0.5,0,0,0.3,32.3,2.5
2,01/01/2020 12:11:33 AM,01/01/2020 12:37:59 AM,1,11.59,1,N,148,244,1,35,0.5,0.5,7.76,0,0.3,46.56,2.5
2,01/01/2020 12:50:31 AM,01/01/2020 01:05:48 AM,1,3.17,1,N,166,262,2,13.5,0.5,0.5,0,0,0.3,17.3,2.5
1,01/01/2020 12:13:29 AM,01/01/2020 12:23:53 AM,1,1.9,1,N,142,140,1,9.5,3,0.5,3.3,0,0.3,16.6,2.5
1,01/01/2020 12:25:38 AM,01/01/2020 12:29:31 AM,1,1.3,1,N,262,229,1,6,3,0.5,2.45,0,0.3,12.25,2.5
1,01/01/2020 12:30:59 AM,01/01/2020 12:37:39 AM,1,1.2,1,N,229,170,2,6.5,3,0.5,0,0,0.3,10.3,2.5
1,01/01/2020 12:46:46 AM,01/01/2020 01:40:47 AM,1,7,1,N,90,262,2,36,3,0.5,0,0,0.3,39.8,2.5
2,01/01/2020 12:00:54 AM,01/01/2020 12:22:39 AM,1,2.95,1,N,161,144,1,15.5,0.5,0.5,2.9,0,0.3,22.2,2.5
2,01/01/2020 12:23:56 AM,01/01/2020 12:33:11 AM,1,1.68,1,N,144,13,1,8,0.5,0.5,1.2,0,0.3,13,2.5
2,01/01/2020 12:34:30 AM,01/01/2020 12:45:17 AM,1,1.56,1,N,13,125,1,8.5,0.5,0.5,1,0,0.3,13.3,2.5
2,01/01/2020 12:48:17 AM,01/01/2020 12:55:15 AM,1,1.52,1,N,125,90,1,7.5,0.5,0.5,2.26,0,0.3,13.56,2.5
2,01/01/2020 12:57:34 AM,01/01/2020 01:24:07 AM,1,3.34,1,N,234,142,1,17.5,0.5,0.5,4.26,0,0.3,25.56,2.5
2,01/01/2020 12:07:25 AM,01/01/2020 12:20:41 AM,4,1.86,1,N,79,233,1,10.5,0.5,0.5,2.86,0,0.3,17.16,2.5
2,01/01/2020 12:42:22 AM,01/01/2020 12:47:29 AM,4,0.83,1,N,79,79,1,5.5,0.5,0.5,1.86,0,0.3,11.16,2.5
2,01/01/2020 12:48:43 AM,01/01/2020 01:09:02 AM,4,5.37,1,N,79,75,1,19,0.5,0.5,2,0,0.3,24.8,2.5
2,01/01/2020 12:10:07 AM,01/01/2020 12:38:35 AM,5,7.85,1,N,148,238,1,27,0.5,0.5,6.16,0,0.3,36.96,2.5
2,01/01/2020 12:39:42 AM,01/01/2020 12:50:46 AM,5,1.96,1,N,238,142,1,9.5,0.5,0.5,1,0,0.3,14.3,2.5
2,01/01/2020 12:33:21 AM,01/01/2020 12:53:32 AM,1,2.66,1,N,162,158,2,14,0.5,0.5,0,0,0.3,17.8,2.5
2,01/01/2020 12:54:48 AM,01/01/2020 01:13:17 AM,1,2.72,1,N,158,170,1,13.5,0.5,0.5,1.73,0,0.3,19.03,2.5
2,01/01/2020 12:44:48 AM,01/01/2020 01:26:59 AM,1,12.83,1,N,163,18,2,42.5,0.5,0.5,0,0,0.3,46.3,2.5
2,01/01/2020 12:21:01 AM,01/01/2020 12:43:47 AM,2,6.29,1,N,48,209,1,21,0.5,0.5,6.2,0,0.3,31,2.5
2,01/01/2020 12:48:09 AM,01/01/2020 12:55:32 AM,2,1.27,1,N,87,232,1,7,0.5,0.5,2.7,0,0.3,13.5,2.5
2,01/01/2020 12:57:13 AM,01/01/2020 01:22:15 AM,2,5.39,1,N,232,90,1,21.5,0.5,0.5,6.33,0,0.3,31.63,2.5
1,01/01/2020 12:26:06 AM,01/01/2020 12:31:51 AM,1,0.6,1,N,107,90,1,5.5,3,0.5,1.85,0,0.3,11.15,2.5
1,01/01/2020 12:39:07 AM,01/01/2020 12:49:46 AM,2,1.7,1,N,113,68,2,9,3,0.5,0,0,0.3,12.8,2.5
1,01/01/2020 12:54:14 AM,01/01/2020 01:23:21 AM,1,4,1,N,246,232,2,19.5,3,0.5,0,0,0.3,23.3,2.5
1,01/01/2020 12:07:48 AM,01/01/2020 12:15:57 AM,1,1.1,1,N,114,231,1,7.5,3,0.5,2.8,0,0.3,14.1,2.5
1,01/01/2020 12:18:43 AM,01/01/2020 12:22:53 AM,1,1,1,N,231,249,2,5.5,3,0.5,0,0,0.3,9.3,2.5
1,01/01/2020 12:31:59 AM,01/01/2020 12:58:22 AM,2,3.2,1,Y,68,143,1,17.5,3,0.5,0,0,0.3,21.3,2.5
2,01/01/2020 12:21:31 AM,01/01/2020 12:33:28 AM,1,1.57,1,N,237,142,1,9.5,0.5,0.5,2.66,0,0.3,15.96,2.5
2,01/01/2020 12:34:40 AM,01/01/2020 12:40:22 AM,1,1.11,1,N,142,239,1,6,0.5,0.5,1.96,0,0.3,11.76,2.5
2,01/01/2020 12:45:35 AM,01/01/2020 01:45:11 AM,2,37.61,5,N,239,265,2,144,0,0.5,0,10.5,0.3,157.8,2.5
2,01/01/2020 12:09:09 AM,01/01/2020 12:16:23 AM,1,1.08,1,N,237,229,1,6.5,0.5,0.5,2.06,0,0.3,12.36,2.5
1,01/01/2020 12:13:08 AM,01/01/2020 12:22:30 AM,0,0.9,1,N,114,211,2,6.5,3,0.5,0,0,0.3,10.3,2.5
1,01/01/2020 12:34:11 AM,01/01/2020 01:00:30 AM,0,3.2,1,N,114,229,2,17.5,3,0.5,0,0,0.3,21.3,2.5
2,01/01/2020 12:31:32 AM,01/01/2020 12:38:47 AM,1,0.91,1,N,163,162,2,6.5,0.5,0.5,0,0,0.3,10.3,2.5
2,01/01/2020 12:50:17 AM,01/01/2020 01:03:45 AM,1,2.64,1,N,107,140,1,11,0.5,0.5,2,0,0.3,16.8,2.5
2,12/31/2019 11:48:07 PM,12/31/2019 11:53:39 PM,1,0.88,1,N,41,41,2,6,0.5,0.5,0,0,0.3,7.3,0
1,01/01/2020 12:47:00 AM,01/01/2020 12:51:01 AM,1,0.8,1,N,229,170,1,5,3,0.5,1.75,0,0.3,10.55,2.5
2,01/01/2020 12:14:49 AM,01/01/2020 12:35:46 AM,1,4.31,1,N,113,97,2,17,0.5,0.5,0,0,0.3,20.8,2.5
2,01/01/2020 12:42:28 AM,01/01/2020 01:10:05 AM,1,13.21,1,N,144,244,1,37.5,0.5,0.5,3,0,0.3,44.3,2.5
2,01/01/2020 12:30:24 AM,01/01/2020 12:52:49 AM,1,4.28,1,N,234,236,1,17,0.5,0.5,4.16,0,0.3,24.96,2.5
2,01/01/2020 12:53:41 AM,01/01/2020 12:56:39 AM,1,1.22,1,N,236,237,1,5.5,0.5,0.5,2.32,0,0.3,11.62,2.5
2,01/01/2020 12:34:31 AM,01/01/2020 12:38:36 AM,1,0.97,1,N,262,140,1,5.5,0.5,0.5,3,0,0.3,12.3,2.5
2,01/01/2020 12:43:45 AM,01/01/2020 12:57:15 AM,1,5.95,1,N,262,7,1,18.5,0.5,0.5,3,6.12,0.3,31.42,2.5
2,01/01/2020 12:17:29 AM,01/01/2020 12:20:06 AM,2,0.77,1,N,263,140,1,4.5,0.5,0.5,1.66,0,0.3,9.96,2.5
2,01/01/2020 12:36:46 AM,01/01/2020 12:53:24 AM,3,2.74,1,N,161,79,1,12.5,0.5,0.5,4.08,0,0.3,20.38,2.5
2,01/01/2020 12:57:40 AM,01/01/2020 01:08:14 AM,3,1.33,1,N,79,164,1,8.5,0.5,0.5,2.46,0,0.3,14.76,2.5
1,01/01/2020 12:07:43 AM,01/01/2020 12:14:41 AM,1,1.3,1,N,238,143,1,7,3,0.5,2.15,0,0.3,12.95,2.5
1,01/01/2020 12:19:30 AM,01/01/2020 12:32:34 AM,1,2.4,1,N,143,141,1,11,3,0.5,2.95,0,0.3,17.75,2.5
1,01/01/2020 12:46:16 AM,01/01/2020 12:59:01 AM,2,2.1,1,N,262,239,1,10.5,3,0.5,2.85,0,0.3,17.15,2.5
1,01/01/2020 12:19:05 AM,01/01/2020 12:23:00 AM,4,0.5,1,N,158,125,1,5,3,0.5,2,0,0.3,10.8,2.5
1,01/01/2020 12:27:35 AM,01/01/2020 12:48:49 AM,2,4,1,N,158,143,1,17,3,0.5,4.15,0,0.3,24.95,2.5
1,01/01/2020 12:52:27 AM,01/01/2020 12:54:36 AM,2,0.3,1,N,239,239,1,3.5,3,0.5,1,0,0.3,8.3,2.5
1,01/01/2020 12:56:21 AM,01/01/2020 01:00:04 AM,1,0.7,1,N,239,238,1,5,3,0.5,1,0,0.3,9.8,2.5
1,01/01/2020 12:47:15 AM,01/01/2020 01:15:50 AM,1,5.5,1,N,90,74,2,22.5,3,0.5,0,0,0.3,26.3,2.5
2,01/01/2020 12:46:12 AM,01/01/2020 12:59:20 AM,1,2.2,1,N,114,162,1,10.5,0.5,0.5,2.86,0,0.3,17.16,2.5
2,01/01/2020 12:41:37 AM,01/01/2020 12:47:09 AM,1,1.06,1,N,229,170,1,6,0.5,0.5,1.96,0,0.3,11.76,2.5
1,01/01/2020 12:14:56 AM,01/01/2020 12:21:34 AM,1,1.2,1,N,79,107,1,6.5,3,0.5,5,0,0.3,15.3,2.5
1,01/01/2020 12:24:49 AM,01/01/2020 12:53:36 AM,2,4.4,1,N,107,43,2,20,3,0.5,0,0,0.3,23.8,2.5
1,01/01/2020 12:55:27 AM,01/01/2020 01:13:37 AM,1,1.7,1,N,43,161,2,12,3,0.5,0,0,0.3,15.8,2.5
2,01/01/2020 12:18:06 AM,01/01/2020 12:36:22 AM,2,2.13,1,N,113,233,1,13,0.5,0.5,3.36,0,0.3,20.16,2.5
2,01/01/2020 12:37:15 AM,01/01/2020 12:50:04 AM,1,2.39,1,N,233,262,2,11,0.5,0.5,0,0,0.3,14.8,2.5
1,01/01/2020 12:21:51 AM,01/01/2020 12:30:24 AM,1,1.1,1,N,234,224,1,7.5,3,0.5,2.25,0,0.3,13.55,2.5
1,01/01/2020 12:17:23 AM,01/01/2020 12:41:06 AM,1,5.1,1,N,125,239,1,20,3,0.5,1,0,0.3,24.8,2.5
1,01/01/2020 12:42:40 AM,01/01/2020 12:49:37 AM,1,2.1,1,N,239,166,2,8.5,3,0.5,0,0,0.3,12.3,2.5
1,01/01/2020 12:59:16 AM,01/01/2020 01:12:08 AM,1,3,1,N,238,42,2,12,3,0.5,0,0,0.3,15.8,2.5
2,01/01/2020 12:19:34 AM,01/01/2020 12:33:18 AM,2,4.27,1,N,140,90,1,15,0.5,0.5,3.76,0,0.3,22.56,2.5
2,01/01/2020 12:42:58 AM,01/01/2020 12:48:36 AM,1,0.67,1,N,249,125,2,5.5,0.5,0.5,0,0,0.3,9.3,2.5
2,01/01/2020 12:49:58 AM,01/01/2020 01:10:07 AM,1,3.85,1,N,125,229,1,16,0.5,0.5,2.97,0,0.3,22.77,2.5
1,01/01/2020 12:28:50 AM,01/01/2020 12:42:33 AM,2,3.1,1,N,257,62,1,12.5,0.5,0.5,2.76,0,0.3,16.56,0
2,01/01/2020 12:24:42 AM,01/01/2020 12:43:18 AM,1,2.97,1,N,144,229,2,13.5,0.5,0.5,0,0,0.3,17.3,2.5
2,01/01/2020 12:59:08 AM,01/01/2020 01:35:24 AM,1,6,1,N,234,42,2,25.5,0.5,0.5,0,0,0.3,29.3,2.5
2,01/01/2020 12:17:09 AM,01/01/2020 12:19:29 AM,1,0.23,1,N,234,234,1,3.5,0.5,0.5,1.46,0,0.3,8.76,2.5
2,01/01/2020 12:24:26 AM,01/01/2020 12:34:53 AM,1,1.54,1,N,234,148,1,8.5,0.5,0.5,3.69,0,0.3,15.99,2.5
2,01/01/2020 12:35:51 AM,01/01/2020 12:50:15 AM,1,2.41,1,N,148,158,1,11.5,0.5,0.5,3.06,0,0.3,18.36,2.5
2,01/01/2020 12:51:53 AM,01/01/2020 01:07:38 AM,1,2.33,1,N,158,170,1,12,0.5,0.5,3.95,0,0.3,19.75,2.5
2,01/01/2020 12:14:04 AM,01/01/2020 12:19:24 AM,1,0.67,1,N,164,170,1,5.5,0.5,0.5,1.86,0,0.3,11.16,2.5
2,01/01/2020 12:23:50 AM,01/01/2020 12:27:31 AM,1,0.52,1,N,170,164,2,4.5,0.5,0.5,0,0,0.3,8.3,2.5
2,01/01/2020 12:30:09 AM,01/01/2020 12:42:14 AM,1,2.2,1,N,164,211,1,10,0.5,0.5,1,0,0.3,14.8,2.5
2,01/01/2020 12:44:31 AM,01/01/2020 12:51:19 AM,1,0.8,1,N,211,231,1,6,0.5,0.5,2.94,0,0.3,12.74,2.5
2,01/01/2020 12:55:49 AM,01/01/2020 01:26:03 AM,1,6.51,1,N,125,198,2,26,0.5,0.5,0,0,0.3,29.8,2.5
2,01/01/2020 12:19:35 AM,01/01/2020 12:28:40 AM,2,1.56,1,N,79,211,1,8,0.5,0.5,2.36,0,0.3,14.16,2.5
2,01/01/2020 12:32:52 AM,01/01/2020 12:35:48 AM,2,0.46,1,N,211,144,1,4,0.5,0.5,1.56,0,0.3,9.36,2.5
2,01/01/2020 12:36:33 AM,01/01/2020 12:58:23 AM,1,3.94,1,N,144,189,1,18.5,0.5,0.5,4.46,0,0.3,26.76,2.5
2,01/01/2020 12:07:40 AM,01/01/2020 12:15:07 AM,1,1.82,1,N,238,41,2,8,0.5,0.5,0,0,0.3,9.3,0
2,01/01/2020 12:26:52 AM,01/01/2020 12:40:11 AM,1,1.99,1,N,142,229,1,10.5,0.5,0.5,2.86,0,0.3,17.16,2.5
2,01/01/2020 12:44:36 AM,01/01/2020 12:48:46 AM,2,1.6,1,N,229,262,1,6.5,0.5,0.5,2.06,0,0.3,12.36,2.5
1,01/01/2020 12:23:31 AM,01/01/2020 12:34:19 AM,2,3.1,1,N,170,263,1,11,3,0.5,3.7,0,0.3,18.5,2.5
1,01/01/2020 12:43:11 AM,01/01/2020 12:54:02 AM,2,1.8,1,N,237,170,2,9.5,3,0.5,0,0,0.3,13.3,2.5
1,01/01/2020 12:59:53 AM,01/01/2020 01:15:09 AM,2,3.5,1,N,170,239,2,13.5,3,0.5,0,0,0.3,17.3,2.5
1,01/01/2020 12:37:15 AM,01/01/2020 12:59:26 AM,2,2.3,1,N,234,232,1,15,3,0.5,0,0,0.3,18.8,2.5
2,01/01/2020 12:08:30 AM,01/01/2020 12:34:02 AM,2,6.4,1,N,249,236,1,23.5,0.5,0.5,5.46,0,0.3,32.76,2.5
2,01/01/2020 12:39:25 AM,01/01/2020 01:00:57 AM,3,5.52,1,N,263,68,1,20,0.5,0.5,5.95,0,0.3,29.75,2.5
2,01/01/2020 12:09:47 AM,01/01/2020 12:13:33 AM,1,1.19,1,N,229,236,2,5.5,0.5,0.5,0,0,0.3,9.3,2.5
2,01/01/2020 12:15:34 AM,01/01/2020 12:21:29 AM,1,1.23,1,N,237,229,1,6.5,0.5,0.5,10,0,0.3,20.3,2.5
2,01/01/2020 12:22:49 AM,01/01/2020 12:29:50 AM,1,1.21,1,N,229,237,1,7,0.5,0.5,2.16,0,0.3,12.96,2.5
2,01/01/2020 12:34:23 AM,01/01/2020 12:57:19 AM,1,4.24,1,N,237,148,1,17,0.5,0.5,4.16,0,0.3,24.96,2.5
1,01/01/2020 12:37:07 AM,01/01/2020 12:49:52 AM,1,2,1,N,170,79,1,10,3,0.5,2.75,0,0.3,16.55,2.5
1,01/01/2020 12:53:33 AM,01/01/2020 01:12:41 AM,1,4,1,N,79,262,1,16,3,0.5,3.95,0,0.3,23.75,2.5
2,01/01/2020 12:15:21 AM,01/01/2020 12:21:32 AM,1,1.21,1,N,238,143,1,6.5,0.5,0.5,2.06,0,0.3,12.36,2.5
2,01/01/2020 12:40:49 AM,01/01/2020 01:22:56 AM,1,6.49,1,N,48,179,1,30,0.5,0.5,8.45,0,0.3,42.25,2.5
2,01/01/2020 12:19:48 AM,01/01/2020 12:34:46 AM,1,2.44,1,N,164,148,1,11.5,0.5,0.5,2,0,0.3,17.3,2.5
2,01/01/2020 12:36:42 AM,01/01/2020 12:45:18 AM,1,1.61,1,N,148,137,1,8,0.5,0.5,3,0,0.3,14.8,2.5
2,01/01/2020 12:54:12 AM,01/01/2020 01:03:55 AM,1,1.85,1,N,107,229,1,8.5,0.5,0.5,2.46,0,0.3,14.76,2.5
1,01/01/2020 12:13:36 AM,01/01/2020 12:26:20 AM,2,1.7,1,N,161,234,2,10,3,0.5,0,0,0.3,13.8,2.5
1,01/01/2020 12:49:19 AM,01/01/2020 12:54:29 AM,1,0.6,1,N,170,170,1,5.5,3,0.5,1.85,0,0.3,11.15,2.5
1,01/01/2020 12:57:28 AM,01/01/2020 01:08:00 AM,1,1.5,1,Y,137,161,1,9,3,0.5,2.55,0,0.3,15.35,2.5
2,01/01/2020 12:03:40 AM,01/01/2020 12:10:01 AM,3,0.67,1,N,170,107,1,5,0.5,0.5,1.76,0,0.3,10.56,2.5
2,01/01/2020 12:46:50 AM,01/01/2020 01:03:57 AM,3,2.14,1,N,234,229,1,12,0.5,0.5,3.16,0,0.3,18.96,2.5
1,01/01/2020 12:02:25 AM,01/01/2020 12:08:26 AM,1,0.9,1,N,148,79,1,6,3,0.5,2,0,0.3,11.8,2.5
1,01/01/2020 12:20:34 AM,01/01/2020 12:42:28 AM,1,4.5,1,N,114,263,1,17.5,3,0.5,4.25,0,0.3,25.55,2.5
1,01/01/2020 12:46:05 AM,01/01/2020 01:07:21 AM,1,6.4,1,N,263,78,2,21.5,3,0.5,0,0,0.3,25.3,2.5
2,01/01/2020 12:16:11 AM,01/01/2020 12:22:34 AM,2,1.4,1,N,239,141,1,7,0.5,0.5,2.16,0,0.3,12.96,2.5
2,01/01/2020 12:35:33 AM,01/01/2020 12:43:35 AM,5,1.95,1,N,263,229,1,7.5,0.5,0.5,0,0,0.3,11.3,2.5
2,01/01/2020 12:22:58 AM,01/01/2020 12:27:02 AM,2,0.82,1,N,236,141,1,5,0.5,0.5,2.5,0,0.3,11.3,2.5
2,01/01/2020 12:28:41 AM,01/01/2020 12:46:21 AM,1,8.13,1,N,141,261,1,24,0.5,0.5,6.95,0,0.3,34.75,2.5
2,01/01/2020 12:49:57 AM,01/01/2020 01:08:27 AM,1,3.28,1,N,261,164,2,12,0.5,0.5,0,0,0.3,15.8,2.5
2,01/01/2020 12:23:56 AM,01/01/2020 12:31:13 AM,1,0.99,1,N,158,90,1,6.5,0.5,0.5,2.06,0,0.3,12.36,2.5
2,01/01/2020 12:42:53 AM,01/01/2020 12:59:15 AM,1,1.54,1,N,246,50,1,11,0.5,0.5,4.44,0,0.3,19.24,2.5
2,01/01/2020 12:15:56 AM,01/01/2020 12:49:35 AM,2,6.32,1,N,24,79,1,25.5,0.5,0.5,7.32,0,0.3,36.62,2.5
2,01/01/2020 12:53:44 AM,01/01/2020 12:58:29 AM,2,0.74,1,N,107,79,1,5,0.5,0.5,1.76,0,0.3,10.56,2.5
2,01/01/2020 12:07:51 AM,01/01/2020 12:24:36 AM,1,3.22,1,N,237,79,1,13,0.5,0.5,3.36,0,0.3,20.16,2.5
2,01/01/2020 12:27:34 AM,01/01/2020 12:41:35 AM,1,3.49,1,N,79,141,1,12.5,0.5,0.5,4.08,0,0.3,20.38,2.5
2,01/01/2020 12:56:41 AM,01/01/2020 01:05:49 AM,1,1.7,1,N,229,263,1,8,0.5,0.5,1,0,0.3,12.8,2.5
2,01/01/2020 12:14:43 AM,01/01/2020 12:32:43 AM,1,8.46,1,N,132,95,2,25.5,0.5,0.5,0,0,0.3,26.8,0
2,01/01/2020 12:55:46 AM,01/01/2020 01:03:43 AM,1,1.43,1,N,232,114,1,7,0.5,0.5,2.16,0,0.3,12.96,2.5
2,01/01/2020 12:18:32 AM,01/01/2020 12:28:43 AM,2,1.56,1,N,48,246,2,8.5,0.5,0.5,0,0,0.3,12.3,2.5
2,01/01/2020 12:36:09 AM,01/01/2020 12:45:46 AM,2,1.14,1,N,162,237,1,8,0.5,0.5,2.36,0,0.3,14.16,2.5
2,01/01/2020 12:47:40 AM,01/01/2020 01:11:09 AM,2,8.32,1,N,237,65,1,26.5,0.5,0.5,6.06,0,0.3,36.36,2.5
1,01/01/2020 12:32:33 AM,01/01/2020 12:43:08 AM,1,4.1,1,N,138,93,1,13.5,0.5,0.5,4.4,0,0.3,19.2,0
2,01/01/2020 12:14:33 AM,01/01/2020 12:20:05 AM,1,1.98,1,N,140,74,2,7.5,0.5,0.5,0,0,0.3,11.3,2.5
2,01/01/2020 12:27:48 AM,01/01/2020 12:45:03 AM,1,3.15,1,N,263,164,1,13.5,0.5,0.5,10,0,0.3,27.3,2.5
2,01/01/2020 12:48:07 AM,01/01/2020 01:02:51 AM,1,2.79,1,N,234,87,1,12,0.5,0.5,3.95,0,0.3,19.75,2.5
2,01/01/2020 12:05:23 AM,01/01/2020 12:18:58 AM,1,4.39,1,N,224,43,1,14.5,0.5,0.5,3.66,0,0.3,21.96,2.5
2,01/01/2020 12:23:06 AM,01/01/2020 12:27:11 AM,1,0.88,1,N,239,142,2,5,0.5,0.5,0,0,0.3,8.8,2.5
2,01/01/2020 12:35:18 AM,01/01/2020 12:44:01 AM,1,1.67,1,N,142,238,1,8,0.5,0.5,1,0,0.3,12.8,2.5
2,01/01/2020 12:45:19 AM,01/01/2020 12:55:14 AM,1,2.02,1,N,238,142,1,9,0.5,0.5,2.56,0,0.3,15.36,2.5
2,01/01/2020 12:10:49 AM,01/01/2020 12:22:13 AM,3,2,1,N,239,262,1,9.5,0.5,0.5,2.7,0,0.3,16,2.5
2,01/01/2020 12:27:47 AM,01/01/2020 12:39:33 AM,2,3.39,1,N,262,170,1,12.5,0.5,0.5,0.1,0,0.3,16.4,2.5
2,01/01/2020 12:41:26 AM,01/01/2020 12:52:09 AM,2,0.72,1,N,170,100,2,8,0.5,0.5,0,0,0.3,11.8,2.5
2,01/01/2020 12:59:45 AM,01/01/2020 01:14:31 AM,2,3.19,1,N,234,237,1,12.5,0.5,0.5,3.26,0,0.3,19.56,2.5
1,01/01/2020 12:47:36 AM,01/01/2020 12:54:11 AM,1,0.7,1,N,170,186,2,5.5,3,0.5,0,0,0.3,9.3,2.5
1,01/01/2020 12:55:07 AM,01/01/2020 01:20:58 AM,1,4.4,1,N,186,263,2,18.5,3,0.5,0,0,0.3,22.3,2.5
2,01/01/2020 12:22:14 AM,01/01/2020 12:57:07 AM,1,4.04,1,N,48,231,1,23.5,0.5,0.5,8.19,0,0.3,35.49,2.5
2,01/01/2020 12:59:08 AM,01/01/2020 01:07:09 AM,1,1.27,1,N,211,79,2,7,0.5,0.5,0,0,0.3,10.8,2.5
2,01/01/2020 12:49:41 AM,01/01/2020 01:11:42 AM,1,8.99,1,N,132,37,1,27.5,0.5,0.5,5.76,0,0.3,34.56,0
1,01/01/2020 12:47:22 AM,01/01/2020 12:59:09 AM,1,1,1,N,90,107,1,8.5,3,0.5,1,0,0.3,13.3,2.5
1,01/01/2020 12:17:58 AM,01/01/2020 12:25:58 AM,2,2,1,N,75,238,2,8.5,3,0.5,0,0,0.3,12.3,2.5
1,01/01/2020 12:30:12 AM,01/01/2020 12:42:38 AM,3,2.4,1,N,239,166,2,10.5,3,0.5,0,0,0.3,14.3,2.5
1,01/01/2020 12:44:35 AM,01/01/2020 12:59:29 AM,4,2.7,1,N,166,263,1,12.5,3,0.5,2.45,0,0.3,18.75,2.5
2,01/01/2020 12:18:48 AM,01/01/2020 12:32:50 AM,2,3.89,1,N,237,246,1,14,0.5,0.5,4.45,0,0.3,22.25,2.5
2,01/01/2020 12:40:52 AM,01/01/2020 12:48:23 AM,1,1.1,1,N,50,142,1,7,0.5,0.5,1.5,0,0.3,12.3,2.5
2,01/01/2020 12:49:55 AM,01/01/2020 12:55:36 AM,1,1.82,1,N,142,151,1,7.5,0.5,0.5,3.39,0,0.3,14.69,2.5
2,01/01/2020 12:10:11 AM,01/01/2020 12:21:33 AM,1,1.8,1,N,113,232,1,9.5,0.5,0.5,3.32,0,0.3,16.62,2.5
2,01/01/2020 12:30:51 AM,01/01/2020 12:44:30 AM,1,1.12,1,N,79,148,1,9.5,0.5,0.5,2.66,0,0.3,15.96,2.5
2,01/01/2020 12:45:54 AM,01/01/2020 01:05:00 AM,1,3.78,1,N,148,246,2,15,0.5,0.5,0,0,0.3,18.8,2.5
1,01/01/2020 12:54:44 AM,01/01/2020 12:56:37 AM,1,0.5,1,N,113,90,1,4,3,0.5,1,0,0.3,8.8,2.5
1,01/01/2020 12:59:52 AM,01/01/2020 01:12:41 AM,3,1.9,1,N,90,161,3,10,3,0.5,0,0,0.3,13.8,2.5
1,01/01/2020 12:10:26 AM,01/01/2020 12:26:10 AM,1,7.6,1,N,237,248,2,22.5,3,0.5,0,0,0.3,26.3,2.5
1,01/01/2020 12:45:29 AM,01/01/2020 12:46:41 AM,2,0.2,1,N,262,263,1,3,3,0.5,1.35,0,0.3,8.15,2.5
2,01/01/2020 12:12:49 AM,01/01/2020 12:32:08 AM,1,5.27,1,N,161,87,2,19,0.5,0.5,0,0,0.3,22.8,2.5
2,01/01/2020 12:38:28 AM,01/01/2020 01:10:41 AM,1,4.21,1,N,261,48,1,22,0.5,0.5,5.16,0,0.3,30.96,2.5
2,01/01/2020 12:40:03 AM,01/01/2020 12:49:31 AM,1,1.1,1,N,68,68,1,8,0.5,0.5,2.36,0,0.3,14.16,2.5
2,01/01/2020 12:24:35 AM,01/01/2020 12:41:33 AM,1,5.1,1,N,231,161,2,18,0.5,0.5,0,0,0.3,21.8,2.5
2,01/01/2020 12:51:26 AM,01/01/2020 01:27:58 AM,1,6.83,1,N,170,168,1,26.5,0.5,0.5,0.99,0,0.3,31.29,2.5
1,01/01/2020 12:23:14 AM,01/01/2020 12:26:40 AM,1,0.7,1,N,249,125,2,4.5,3,0.5,0,0,0.3,8.3,2.5
1,01/01/2020 12:28:14 AM,01/01/2020 12:31:46 AM,1,0.4,1,N,125,211,2,4,3,0.5,0,0,0.3,7.8,2.5
1,01/01/2020 12:33:13 AM,01/01/2020 12:47:46 AM,1,3.4,1,N,211,255,1,13,3,0.5,3.35,0,0.3,20.15,2.5
2,01/01/2020 12:15:43 AM,01/01/2020 12:22:28 AM,1,1.09,1,N,142,43,1,6.5,0.5,0.5,2.06,0,0.3,12.36,2.5
2,01/01/2020 12:28:59 AM,01/01/2020 12:37:31 AM,1,1.65,1,N,239,141,1,7.5,0.5,0.5,2.82,0,0.3,14.12,2.5
2,01/01/2020 12:41:51 AM,01/01/2020 12:54:08 AM,1,1.44,1,N,237,142,1,9,0.5,0.5,2.56,0,0.3,15.36,2.5
2,01/01/2020 12:09:02 AM,01/01/2020 12:31:30 AM,1,7.88,1,N,127,250,2,25,0.5,0.5,0,0,0.3,26.3,0
2,01/01/2020 12:47:28 AM,01/01/2020 12:47:55 AM,1,0.04,1,N,74,74,2,2.5,0.5,0.5,0,0,0.3,3.8,0
1,01/01/2020 12:12:57 AM,01/01/2020 12:22:42 AM,4,0.2,1,N,161,161,1,7,3,0.5,2.15,0,0.3,12.95,2.5
1,01/01/2020 12:28:31 AM,01/01/2020 12:58:21 AM,2,6.5,1,N,161,261,1,27,3,0.5,6.15,0,0.3,36.95,2.5
2,01/01/2020 12:15:33 AM,01/01/2020 12:33:08 AM,3,1.58,1,N,113,170,1,12,0.5,0.5,1.5,0,0.3,17.3,2.5
1,01/01/2020 12:20:54 AM,01/01/2020 12:58:56 AM,1,5,1,N,193,90,1,26,0.5,0.5,0,0,0.3,27.3,0
1,01/01/2020 12:22:55 AM,01/01/2020 12:28:15 AM,1,2.2,1,N,233,141,1,8,3,0.5,2.95,0,0.3,14.75,2.5
1,01/01/2020 12:31:44 AM,01/01/2020 12:38:53 AM,2,2.7,1,N,141,233,2,10,3,0.5,0,0,0.3,13.8,2.5
1,01/01/2020 12:40:53 AM,01/01/2020 12:49:13 AM,1,2.8,1,N,233,263,1,10,3,0.5,2.75,0,0.3,16.55,2.5
1,01/01/2020 12:56:09 AM,01/01/2020 01:20:27 AM,1,10.9,1,N,263,95,1,31.5,3,0.5,8.8,0,0.3,44.1,2.5
1,01/01/2020 12:09:00 AM,01/01/2020 12:17:58 AM,1,3.1,1,Y,152,244,2,11.5,0.5,0.5,0,0,0.3,12.8,0
1,01/01/2020 12:27:12 AM,01/01/2020 12:53:03 AM,1,7.5,1,N,166,107,1,25.5,3,0.5,5.85,0,0.3,35.15,2.5
2,01/01/2020 12:23:44 AM,01/01/2020 12:50:26 AM,5,2.24,1,N,161,236,1,17.5,0.5,0.5,4.26,0,0.3,25.56,2.5
2,01/01/2020 12:57:36 AM,01/01/2020 01:33:00 AM,5,14.07,1,N,237,14,2,42,0.5,0.5,0,0,0.3,45.8,2.5
1,01/01/2020 12:21:29 AM,01/01/2020 12:25:13 AM,1,1.3,1,N,236,162,1,5.5,3,0.5,1.86,0,0.3,11.16,2.5
1,01/01/2020 12:34:31 AM,01/01/2020 12:43:18 AM,2,2,1,N,162,263,1,9,3,0.5,2.55,0,0.3,15.35,2.5
1,01/01/2020 12:45:16 AM,01/01/2020 12:57:33 AM,1,4,1,N,263,146,1,13.5,3,0.5,4.3,0,0.3,21.6,2.5
2,01/01/2020 12:26:30 AM,01/01/2020 12:36:10 AM,1,1.76,1,N,143,237,1,8.5,0.5,0.5,2.46,0,0.3,14.76,2.5
2,01/01/2020 12:43:01 AM,01/01/2020 01:04:20 AM,1,4.1,1,N,75,69,2,16.5,0.5,0.5,0,0,0.3,17.8,0
2,01/01/2020 12:46:22 AM,01/01/2020 12:58:23 AM,1,1.14,1,N,246,186,2,8.5,0.5,0.5,0,0,0.3,12.3,2.5
1,01/01/2020 12:19:20 AM,01/01/2020 12:31:27 AM,4,2.5,1,N,148,170,1,10.5,3,0.5,2.85,0,0.3,17.15,2.5
1,01/01/2020 12:58:11 AM,01/01/2020 01:06:12 AM,2,1,1,N,79,144,1,6.5,3,0.5,2.05,0,0.3,12.35,2.5
2,01/01/2020 12:33:17 AM,01/01/2020 12:35:59 AM,1,1.06,1,N,151,239,1,5,0.5,0.5,1,0,0.3,9.8,2.5
2,01/01/2020 12:32:27 AM,01/01/2020 01:04:15 AM,3,4.93,1,N,158,141,1,22,0.5,0.5,1,0,0.3,26.8,2.5
1,01/01/2020 12:14:43 AM,01/01/2020 12:33:11 AM,2,3.4,1,N,237,144,1,15,3,0.5,1,0,0.3,19.8,2.5
2,01/01/2020 12:53:16 AM,01/01/2020 12:58:53 AM,2,0.82,1,N,229,140,2,5.5,0.5,0.5,0,0,0.3,9.3,2.5
2,01/01/2020 12:15:51 AM,01/01/2020 12:53:20 AM,1,0,1,N,12,48,2,2.5,0.5,0.5,0,0,0.3,6.3,2.5
2,01/01/2020 12:53:36 AM,01/01/2020 01:02:27 AM,1,1.25,1,N,48,142,1,7.5,0.5,0.5,2.26,0,0.3,13.56,2.5
2,01/01/2020 12:31:18 AM,01/01/2020 01:04:20 AM,1,3.22,1,N,50,170,1,20.5,0.5,0.5,4.86,0,0.3,29.16,2.5
1,01/01/2020 12:40:06 AM,01/01/2020 12:54:57 AM,1,4.2,1,N,179,170,2,15,3,0.5,0,0,0.3,18.8,2.5
1,01/01/2020 12:58:46 AM,01/01/2020 01:26:53 AM,2,8,1,N,164,181,1,27,3,0.5,3.08,0,0.3,33.88,2.5
1,01/01/2020 12:19:21 AM,01/01/2020 12:37:44 AM,3,5.3,1,N,163,129,2,18.5,3,0.5,0,0,0.3,22.3,2.5
1,01/01/2020 12:41:38 AM,01/01/2020 12:54:08 AM,1,1.9,1,N,129,173,2,10,0.5,0.5,0,0,0.3,11.3,0
2,01/01/2020 12:09:49 AM,01/01/2020 12:24:55 AM,1,1.95,1,N,231,107,1,11,0.5,0.5,2.96,0,0.3,17.76,2.5
2,01/01/2020 12:26:49 AM,01/01/2020 12:31:06 AM,1,0.74,1,N,107,170,1,5,0.5,0.5,1.76,0,0.3,10.56,2.5
1,01/01/2020 12:12:24 AM,01/01/2020 12:31:24 AM,1,6.3,1,N,114,226,1,21,3,0.5,3,0,0.3,27.8,2.5
1,01/01/2020 12:37:40 AM,01/01/2020 12:52:04 AM,1,4.2,1,N,226,160,2,15.5,0.5,0.5,0,0,0.3,16.8,0
1,01/01/2020 12:32:22 AM,01/01/2020 12:42:55 AM,1,1.8,1,N,264,264,1,9,0.5,0.5,2.05,0,0.3,12.35,0
1,01/01/2020 12:53:58 AM,01/01/2020 01:24:54 AM,1,5.1,1,Y,264,264,1,24,0.5,0.5,5.05,0,0.3,30.35,0
2,01/01/2020 12:18:56 AM,01/01/2020 12:22:06 AM,1,0.85,1,N,142,239,2,5,0.5,0.5,0,0,0.3,8.8,2.5
2,01/01/2020 12:23:02 AM,01/01/2020 12:35:47 AM,1,2.15,1,N,239,237,1,10.5,0.5,0.5,2.86,0,0.3,17.16,2.5
2,01/01/2020 12:48:20 AM,01/01/2020 12:55:36 AM,1,1.46,1,N,43,236,1,7.5,0.5,0.5,2,0,0.3,13.3,2.5
1,01/01/2020 12:18:33 AM,01/01/2020 12:26:58 AM,1,1.5,1,N,256,217,2,8,0.5,0.5,0,0,0.3,9.3,0
1,01/01/2020 12:40:43 AM,01/01/2020 12:50:41 AM,2,1.8,1,N,144,88,1,8.5,3,0.5,2,0,0.3,14.3,2.5
1,01/01/2020 12:52:15 AM,01/01/2020 12:57:01 AM,1,0.3,1,N,87,87,1,4.5,3,0.5,1.65,0,0.3,9.95,2.5
1,01/01/2020 12:59:37 AM,01/01/2020 01:15:54 AM,2,3,1,N,87,234,1,13,3,0.5,3.36,0,0.3,20.16,2.5
2,01/01/2020 12:24:25 AM,01/01/2020 12:28:13 AM,2,0.73,1,N,7,7,2,4.5,0.5,0.5,0,0,0.3,5.8,0
1,01/01/2020 12:13:57 AM,01/01/2020 12:40:35 AM,2,9.7,1,N,231,244,1,31,3,0.5,6.95,0,0.3,41.75,2.5
1,01/01/2020 12:44:52 AM,01/01/2020 12:50:21 AM,4,1.1,1,N,116,166,2,6.5,0.5,0.5,0,0,0.3,7.8,0
1,01/01/2020 12:51:43 AM,01/01/2020 12:54:48 AM,2,0.6,1,N,166,116,2,4.5,0.5,0.5,0,0,0.3,5.8,0
2,01/01/2020 12:27:36 AM,01/01/2020 12:38:09 AM,4,1.48,1,N,107,233,1,8.5,0.5,0.5,3.08,0,0.3,15.38,2.5
2,01/01/2020 12:52:31 AM,01/01/2020 01:06:14 AM,1,1.42,1,N,170,90,2,10,0.5,0.5,0,0,0.3,13.8,2.5
2,01/01/2020 12:19:51 AM,01/01/2020 12:28:25 AM,2,1.69,1,N,237,263,1,8,0.5,0.5,3.54,0,0.3,15.34,2.5
2,01/01/2020 12:29:29 AM,01/01/2020 12:33:17 AM,2,0.44,1,N,263,236,1,4.5,0.5,0.5,1.66,0,0.3,9.96,2.5
2,01/01/2020 12:39:57 AM,01/01/2020 01:01:11 AM,2,8.25,1,N,162,33,1,25,0.5,0.5,5.76,0,0.3,34.56,2.5
2,01/01/2020 12:26:18 AM,01/01/2020 12:39:28 AM,1,3.32,1,N,161,238,1,12.5,0.5,0.5,4.08,0,0.3,20.38,2.5
2,01/01/2020 12:40:48 AM,01/01/2020 12:52:11 AM,2,2.32,1,N,238,42,1,10,0.5,0.5,3.39,0,0.3,14.69,0
2,01/01/2020 12:18:33 AM,01/01/2020 12:38:55 AM,2,13.94,1,N,87,243,1,37.5,0.5,0.5,2,0,0.3,43.3,2.5
2,01/01/2020 12:40:38 AM,01/01/2020 12:54:51 AM,3,2.32,1,N,243,116,1,12,0.5,0.5,3.32,0,0.3,16.62,0
2,01/01/2020 12:56:02 AM,01/01/2020 01:18:51 AM,2,5.49,1,N,116,140,1,19.5,0.5,0.5,2.08,0,0.3,25.38,2.5
2,01/01/2020 12:16:54 AM,01/01/2020 12:34:42 AM,4,4.41,1,N,263,113,1,15.5,0.5,0.5,4.82,0,0.3,24.12,2.5
2,01/01/2020 12:41:31 AM,01/01/2020 12:48:52 AM,3,1.18,1,N,90,125,2,6.5,0.5,0.5,0,0,0.3,10.3,2.5
2,01/01/2020 12:52:43 AM,01/01/2020 01:04:28 AM,5,2.34,1,N,125,170,2,10.5,0.5,0.5,0,0,0.3,14.3,2.5
